ETF_Ticker,ticker,name,weight,Holdings_As_Of,Date_Scraped
MFEM,A005380,HYUNDAI MOTOR CO COMMON STOCK KRW5000.0,0.0282,2026-06-17,2026-06-21
MFEM,A000660,SK HYNIX INC COMMON STOCK KRW5000.0,0.0281,2026-06-17,2026-06-21
MFEM,2308,DELTA ELECTRONICS INC COMMON STOCK TWD10.0,0.0272,2026-06-17,2026-06-21
MFEM,A005930,SAMSUNG ELECTRONICS CO LTD COMMON STOCK KRW100.0,0.0189,2026-06-17,2026-06-21
MFEM,2454,MEDIATEK INC COMMON STOCK TWD10.0,0.0164,2026-06-17,2026-06-21
MFEM,3711,ASE TECHNOLOGY HOLDING CO LT COMMON STOCK TWD10.0,0.0163,2026-06-17,2026-06-21
MFEM,2317,HON HAI PRECISION INDUSTRY COMMON STOCK TWD10.0,0.016,2026-06-17,2026-06-21
MFEM,A009150,SAMSUNG ELECTRO MECHANICS CO COMMON STOCK KRW5000.0,0.0147,2026-06-17,2026-06-21
MFEM,A012330,HYUNDAI MOBIS CO LTD COMMON STOCK KRW5000.0,0.0147,2026-06-17,2026-06-21
MFEM,2330,TAIWAN SEMICONDUCTOR MANUFAC COMMON STOCK TWD10.0,0.0125,2026-06-17,2026-06-21
MFEM,992,LENOVO GROUP LTD COMMON STOCK,0.0124,2026-06-17,2026-06-21
MFEM,A000150,DOOSAN CO LTD COMMON STOCK KRW5000.0,0.0116,2026-06-17,2026-06-21
MFEM,A066570,LG ELECTRONICS INC COMMON STOCK KRW5000.0,0.0109,2026-06-17,2026-06-21
MFEM,PETR4,PETROBRAS   PETROLEO BRAS PR PREFERENCE,0.0105,2026-06-17,2026-06-21
MFEM,A005490,POSCO HOLDINGS INC COMMON STOCK KRW5000.0,0.0101,2026-06-17,2026-06-21
MFEM,9999,NETEASE INC COMMON STOCK USD.0001,0.009,2026-06-17,2026-06-21
MFEM,A034730,SK INC COMMON STOCK KRW200.0,0.0084,2026-06-17,2026-06-21
MFEM,3481,INNOLUX CORP COMMON STOCK TWD10.0,0.0081,2026-06-17,2026-06-21
MFEM,VALE3,VALE SA COMMON STOCK,0.0079,2026-06-17,2026-06-21
MFEM,857,PETROCHINA CO LTD H COMMON STOCK CNY1.0,0.0079,2026-06-17,2026-06-21
MFEM,2318,PING AN INSURANCE GROUP CO H COMMON STOCK CNY1.0,0.0077,2026-06-17,2026-06-21
MFEM,939,CHINA CONSTRUCTION BANK H COMMON STOCK CNY1.0,0.0071,2026-06-17,2026-06-21
MFEM,A000270,KIA CORP COMMON STOCK KRW5000.0,0.0069,2026-06-17,2026-06-21
MFEM,1398,IND + COMM BK OF CHINA H COMMON STOCK CNY1.0,0.0068,2026-06-17,2026-06-21
MFEM,A105560,KB FINANCIAL GROUP INC COMMON STOCK KRW5000.0,0.0068,2026-06-17,2026-06-21
MFEM,GFI,GOLD FIELDS LTD COMMON STOCK ZAR.5,0.0067,2026-06-17,2026-06-21
MFEM,2327,YAGEO CORPORATION COMMON STOCK TWD2.5,0.0066,2026-06-17,2026-06-21
MFEM,2345,ACCTON TECHNOLOGY CORP COMMON STOCK TWD10.0,0.0065,2026-06-17,2026-06-21
MFEM,A015760,KOREA ELECTRIC POWER CORP COMMON STOCK KRW5000.0,0.0065,2026-06-17,2026-06-21
MFEM,2383,ELITE MATERIAL CO LTD COMMON STOCK TWD10.0,0.0063,2026-06-17,2026-06-21
MFEM,DELTA/F,DELTA ELECTRONICS THAI FORGN FOREIGN SH. THB.1,0.0063,2026-06-17,2026-06-21
MFEM,ITUB4,ITAU UNIBANCO HOLDING S PREF PREFERENCE,0.0062,2026-06-17,2026-06-21
MFEM,1378,CHINA HONGQIAO GROUP LTD COMMON STOCK USD.01,0.0062,2026-06-17,2026-06-21
MFEM,VAL,VALTERRA PLATINUM LIMITED COMMON STOCK ZAR.1,0.006,2026-06-17,2026-06-21
MFEM,PTT-F,PTT PCL/FOREIGN FOREIGN SH. THB1.0 A,0.006,2026-06-17,2026-06-21
MFEM,A055550,SHINHAN FINANCIAL GROUP LTD COMMON STOCK KRW5000.0,0.0059,2026-06-17,2026-06-21
MFEM,1303,NAN YA PLASTICS CORP COMMON STOCK TWD10.0,0.0057,2026-06-17,2026-06-21
MFEM,2357,ASUSTEK COMPUTER INC COMMON STOCK TWD10.0,0.0056,2026-06-17,2026-06-21
MFEM,A032830,SAMSUNG LIFE INSURANCE CO LT COMMON STOCK KRW500.0,0.0055,2026-06-17,2026-06-21
MFEM,1088,CHINA SHENHUA ENERGY CO H COMMON STOCK CNY1.0,0.0054,2026-06-17,2026-06-21
MFEM,3037,UNIMICRON TECHNOLOGY CORP COMMON STOCK TWD10.0,0.0052,2026-06-17,2026-06-21
MFEM,SSW,SIBANYE STILLWATER LTD COMMON STOCK,0.0051,2026-06-17,2026-06-21
MFEM,GMEXICO B,GRUPO MEXICO SAB DE CV SER B COMMON STOCK,0.0049,2026-06-17,2026-06-21
MFEM,386,CHINA PETROLEUM + CHEMICAL H COMMON STOCK CNY1.0,0.0049,2026-06-17,2026-06-21
MFEM,—,SSC GOVERNMENT MM GVMXX,0.0047,2026-06-17,2026-06-21
MFEM,2301,LITE ON TECHNOLOGY CORP COMMON STOCK TWD10.0,0.0046,2026-06-17,2026-06-21
MFEM,A000720,HYUNDAI ENGINEERING + CONST COMMON STOCK KRW5000.0,0.0045,2026-06-17,2026-06-21
MFEM,1093,CSPC PHARMACEUTICAL GROUP LT COMMON STOCK,0.0045,2026-06-17,2026-06-21
MFEM,358,JIANGXI COPPER CO LTD H COMMON STOCK CNY1.0,0.0045,2026-06-17,2026-06-21
MFEM,YUMC,YUM CHINA HOLDINGS INC COMMON STOCK USD.01,0.0043,2026-06-17,2026-06-21
MFEM,1171,YANKUANG ENERGY GROUP CO H COMMON STOCK CNY1.0,0.0043,2026-06-17,2026-06-21
MFEM,1288,AGRICULTURAL BANK OF CHINA H COMMON STOCK CNY1.0,0.0042,2026-06-17,2026-06-21
MFEM,2600,ALUMINUM CORP OF CHINA LTD H COMMON STOCK CNY1.0,0.004,2026-06-17,2026-06-21
MFEM,4958,ZHEN DING TECHNOLOGY HOLDING COMMON STOCK TWD10.0,0.004,2026-06-17,2026-06-21
MFEM,AMX B,AMERICA MOVIL SAB DE C SER B COMMON STOCK,0.0039,2026-06-17,2026-06-21
MFEM,A086790,HANA FINANCIAL GROUP COMMON STOCK KRW5000.0,0.0037,2026-06-17,2026-06-21
MFEM,MTN,MTN GROUP LTD COMMON STOCK ZAR.0001,0.0035,2026-06-17,2026-06-21
MFEM,A034020,DOOSAN ENERBILITY CO LTD COMMON STOCK KRW5000.0,0.0035,2026-06-17,2026-06-21
MFEM,A000880,HANWHA CORPORATION COMMON STOCK KRW5000.0,0.0034,2026-06-17,2026-06-21
MFEM,2222,SAUDI ARABIAN OIL CO COMMON STOCK,0.0034,2026-06-17,2026-06-21
MFEM,2891,CTBC FINANCIAL HOLDING CO LT COMMON STOCK TWD10.0,0.0034,2026-06-17,2026-06-21
MFEM,ADVANC-F,ADVANCED INFO SERVICE FOREIG FOREIGN SH. THB1.0 A,0.0033,2026-06-17,2026-06-21
MFEM,1919,COSCO SHIPPING HOLDINGS CO H COMMON STOCK CNY1.0,0.0033,2026-06-17,2026-06-21
MFEM,6239,POWERTECH TECHNOLOGY INC COMMON STOCK TWD10.0,0.0033,2026-06-17,2026-06-21
MFEM,2388,BOC HONG KONG HOLDINGS LTD COMMON STOCK,0.0032,2026-06-17,2026-06-21
MFEM,700,TENCENT HOLDINGS LTD COMMON STOCK HKD.00002,0.0031,2026-06-17,2026-06-21
MFEM,IMP,IMPALA PLATINUM HOLDINGS LTD COMMON STOCK,0.0031,2026-06-17,2026-06-21
MFEM,2628,CHINA LIFE INSURANCE CO H COMMON STOCK CNY1.0,0.003,2026-06-17,2026-06-21
MFEM,GGBR4,GERDAU SA PREF PREFERENCE,0.003,2026-06-17,2026-06-21
MFEM,—,NET OTHER ASSETS,0.003,2026-06-17,2026-06-21
MFEM,BBDC4,BANCO BRADESCO SA PREF PREFERENCE,0.0029,2026-06-17,2026-06-21
MFEM,2899,ZIJIN MINING GROUP CO LTD H COMMON STOCK CNY.1,0.0029,2026-06-17,2026-06-21
MFEM,SOL,SASOL LTD COMMON STOCK,0.0029,2026-06-17,2026-06-21
MFEM,300750,CONTEMPORARY AMPEREX TECHN A COMMON STOCK CNY1.0,0.0028,2026-06-17,2026-06-21
MFEM,2382,QUANTA COMPUTER INC COMMON STOCK TWD10.0,0.0028,2026-06-17,2026-06-21
MFEM,A017670,SK TELECOM COMMON STOCK KRW100.0,0.0028,2026-06-17,2026-06-21
MFEM,A006260,LS CORP COMMON STOCK KRW5000.0,0.0028,2026-06-17,2026-06-21
MFEM,2409,AUO CORP COMMON STOCK TWD10.0,0.0028,2026-06-17,2026-06-21
MFEM,2885,YUANTA FINANCIAL HOLDING CO COMMON STOCK TWD10.0,0.0027,2026-06-17,2026-06-21
MFEM,A047040,DAEWOO ENGINEERING + CONSTR COMMON STOCK KRW5000.0,0.0027,2026-06-17,2026-06-21
MFEM,SIMO,SILICON MOTION TECHNOL ADR ADR USD.01,0.0027,2026-06-17,2026-06-21
MFEM,A051910,LG CHEM LTD COMMON STOCK KRW5000.0,0.0027,2026-06-17,2026-06-21
MFEM,A000810,SAMSUNG FIRE + MARINE INS COMMON STOCK KRW500.0,0.0027,2026-06-17,2026-06-21
MFEM,FN,FABRINET COMMON STOCK USD.01,0.0027,2026-06-17,2026-06-21
MFEM,A316140,WOORI FINANCIAL GROUP INC COMMON STOCK KRW5000.0,0.0027,2026-06-17,2026-06-21
MFEM,SBIN,STATE BANK OF INDIA COMMON STOCK INR1.0,0.0026,2026-06-17,2026-06-21
MFEM,WALMEX *,WALMART DE MEXICO SAB DE CV COMMON STOCK,0.0026,2026-06-17,2026-06-21
MFEM,2412,CHUNGHWA TELECOM CO LTD COMMON STOCK TWD10.0,0.0026,2026-06-17,2026-06-21
MFEM,A086280,HYUNDAI GLOVIS CO LTD COMMON STOCK KRW500.0,0.0026,2026-06-17,2026-06-21
MFEM,VBBR3,VIBRA ENERGIA SA COMMON STOCK,0.0026,2026-06-17,2026-06-21
MFEM,2603,EVERGREEN MARINE CORP LTD COMMON STOCK TWD10.0,0.0026,2026-06-17,2026-06-21
MFEM,1988,CHINA MINSHENG BANKING COR H COMMON STOCK CNY1.0,0.0026,2026-06-17,2026-06-21
MFEM,CEMEX CPO,CEMEX SAB CPO UNIT,0.0026,2026-06-17,2026-06-21
MFEM,FSR,FIRSTRAND LTD COMMON STOCK ZAR.01,0.0026,2026-06-17,2026-06-21
MFEM,A006400,SAMSUNG SDI CO LTD COMMON STOCK KRW5000.0,0.0025,2026-06-17,2026-06-21
MFEM,A028260,SAMSUNG C+T CORP COMMON STOCK KRW100.0,0.0025,2026-06-17,2026-06-21
MFEM,2344,WINBOND ELECTRONICS CORP COMMON STOCK TWD10.0,0.0024,2026-06-17,2026-06-21
MFEM,3036,WT MICROELECTRONICS CO LTD COMMON STOCK TWD10.0,0.0024,2026-06-17,2026-06-21
MFEM,3231,WISTRON CORP COMMON STOCK TWD10.0,0.0024,2026-06-17,2026-06-21
MFEM,A030200,KT CORP COMMON STOCK KRW5000.0,0.0024,2026-06-17,2026-06-21
MFEM,2382,SUNNY OPTICAL TECH COMMON STOCK HKD.1,0.0023,2026-06-17,2026-06-21
MFEM,2881,FUBON FINANCIAL HOLDING CO COMMON STOCK TWD10.0,0.0023,2026-06-17,2026-06-21
MFEM,A267250,HD HYUNDAI COMMON STOCK KRW1000.0,0.0022,2026-06-17,2026-06-21
MFEM,914,ANHUI CONCH CEMENT CO LTD H COMMON STOCK CNY1.0,0.0022,2026-06-17,2026-06-21
MFEM,SQM-B,SOC QUIMICA Y MINERA CHILE B PREFERENCE,0.0021,2026-06-17,2026-06-21
MFEM,9888,BAIDU INC CLASS A COMMON STOCK USD.000000625,0.0021,2026-06-17,2026-06-21
MFEM,2324,COMPAL ELECTRONICS COMMON STOCK TWD10.0,0.0021,2026-06-17,2026-06-21
MFEM,A033780,KT+G CORP COMMON STOCK KRW5000.0,0.0021,2026-06-17,2026-06-21
MFEM,688,CHINA OVERSEAS LAND + INVEST COMMON STOCK,0.0021,2026-06-17,2026-06-21
MFEM,6669,WIWYNN CORP COMMON STOCK TWD10.0,0.0021,2026-06-17,2026-06-21
MFEM,FEMSA UBD,FOMENTO ECONOMICO MEXICA UBD UNIT,0.0021,2026-06-17,2026-06-21
MFEM,CHILE,BANCO DE CHILE COMMON STOCK,0.002,2026-06-17,2026-06-21
MFEM,ITC,ITC LTD COMMON STOCK INR1.0,0.002,2026-06-17,2026-06-21
MFEM,1816,CGN POWER CO LTD H COMMON STOCK CNY1.0,0.002,2026-06-17,2026-06-21
MFEM,998,CHINA CITIC BANK CORP LTD H COMMON STOCK CNY1.0,0.002,2026-06-17,2026-06-21
MFEM,AXIA3,AXIA ENERGIA SA COMMON STOCK,0.002,2026-06-17,2026-06-21
MFEM,601166,INDUSTRIAL BANK CO LTD  A COMMON STOCK CNY1.0,0.002,2026-06-17,2026-06-21
MFEM,GFNORTE O,GRUPO FINANCIERO BANORTE O COMMON STOCK MXN3.5,0.002,2026-06-17,2026-06-21
MFEM,2356,INVENTEC CORP COMMON STOCK TWD10.0,0.002,2026-06-17,2026-06-21
MFEM,6160,BEONE MEDICINES LTD H COMMON STOCK USD.0001,0.002,2026-06-17,2026-06-21
MFEM,3988,BANK OF CHINA LTD H COMMON STOCK CNY1.0,0.002,2026-06-17,2026-06-21
MFEM,2408,NANYA TECHNOLOGY CORP COMMON STOCK TWD10.0,0.002,2026-06-17,2026-06-21
MFEM,INFO,INFOSYS LTD COMMON STOCK INR5.0,0.0019,2026-06-17,2026-06-21
MFEM,PWGR,POWER GRID CORP OF INDIA LTD COMMON STOCK INR10.0,0.0019,2026-06-17,2026-06-21
MFEM,PKN,ORLEN SA COMMON STOCK PLN1.25,0.0019,2026-06-17,2026-06-21
MFEM,966,CHINA TAIPING INSURANCE HOLD COMMON STOCK,0.0019,2026-06-17,2026-06-21
MFEM,600519,KWEICHOW MOUTAI CO LTD A COMMON STOCK CNY1.0,0.0019,2026-06-17,2026-06-21
MFEM,ASELS,ASELSAN ELEKTRONIK SANAYI COMMON STOCK TRY1.0,0.0019,2026-06-17,2026-06-21
MFEM,6818,CHINA EVERBRIGHT BANK CO L H COMMON STOCK CNY1.0,0.0019,2026-06-17,2026-06-21
MFEM,BHARTI,BHARTI AIRTEL LTD COMMON STOCK INR5.0,0.0019,2026-06-17,2026-06-21
MFEM,3044,TRIPOD TECHNOLOGY CORP COMMON STOCK TWD10.0,0.0019,2026-06-17,2026-06-21
MFEM,A096770,SK INNOVATION CO LTD COMMON STOCK KRW5000.0,0.0018,2026-06-17,2026-06-21
MFEM,2883,KGI FINANCIAL HOLDING CO LTD COMMON STOCK TWD10.0,0.0018,2026-06-17,2026-06-21
MFEM,390,CHINA RAILWAY GROUP LTD H COMMON STOCK CNY1.0,0.0018,2026-06-17,2026-06-21
MFEM,ONGC,OIL + NATURAL GAS CORP LTD COMMON STOCK INR5.0,0.0018,2026-06-17,2026-06-21
MFEM,601138,FOXCONN INDUSTRIAL INTERNE A COMMON STOCK CNY1.0,0.0018,2026-06-17,2026-06-21
MFEM,BHE,BHARAT ELECTRONICS LTD COMMON STOCK INR1.0,0.0018,2026-06-17,2026-06-21
MFEM,TCS,TATA CONSULTANCY SVCS LTD COMMON STOCK INR1.0,0.0018,2026-06-17,2026-06-21
MFEM,2337,MACRONIX INTERNATIONAL CO COMMON STOCK TWD10.0,0.0018,2026-06-17,2026-06-21
MFEM,2202,CHINA VANKE CO LTD H COMMON STOCK CNY1.0,0.0018,2026-06-17,2026-06-21
MFEM,1326,FORMOSA CHEMICALS + FIBRE COMMON STOCK TWD10.0,0.0018,2026-06-17,2026-06-21
MFEM,KGH,KGHM POLSKA MIEDZ SA COMMON STOCK PLN10.0,0.0018,2026-06-17,2026-06-21
MFEM,267,CITIC LTD COMMON STOCK,0.0017,2026-06-17,2026-06-21
MFEM,A071050,KOREA INVESTMENT HOLDINGS CO COMMON STOCK KRW5000.0,0.0017,2026-06-17,2026-06-21
MFEM,601668,CHINA STATE CONSTRUCTION  A COMMON STOCK CNY1.0,0.0017,2026-06-17,2026-06-21
MFEM,600900,CHINA YANGTZE POWER CO LTD A COMMON STOCK CNY1.0,0.0017,2026-06-17,2026-06-21
MFEM,PTTGC-F,PTT GLOBAL CHEMICAL PCL FOR FOREIGN SH. THB10.0 A,0.0017,2026-06-17,2026-06-21
MFEM,VIPS,VIPSHOP HOLDINGS LTD   ADR ADR USD.0001,0.0017,2026-06-17,2026-06-21
MFEM,SBSP3,CIA SANEAMENTO BASICO DE SP COMMON STOCK,0.0017,2026-06-17,2026-06-21
MFEM,A011070,LG INNOTEK CO LTD COMMON STOCK KRW5000.0,0.0016,2026-06-17,2026-06-21
MFEM,2890,SINOPAC FINANCIAL HOLDINGS COMMON STOCK TWD10.0,0.0016,2026-06-17,2026-06-21
MFEM,600919,BANK OF JIANGSU CO LTD A COMMON STOCK CNY1.0,0.0016,2026-06-17,2026-06-21
MFEM,002938,AVARY HOLDING SHENZHEN CO  A COMMON STOCK CNY1.0,0.0016,2026-06-17,2026-06-21
MFEM,BSANTANDER,BANCO SANTANDER CHILE COMMON STOCK,0.0016,2026-06-17,2026-06-21
MFEM,VIVT3,TELEFONICA BRASIL S.A. COMMON STOCK,0.0015,2026-06-17,2026-06-21
MFEM,3323,CHINA NATIONAL BUILDING MA H COMMON STOCK CNY1.0,0.0015,2026-06-17,2026-06-21
MFEM,9633,NONGFU SPRING CO LTD H COMMON STOCK CNY.1,0.0015,2026-06-17,2026-06-21
MFEM,7010,SAUDI TELECOM CO COMMON STOCK SAR10.0,0.0015,2026-06-17,2026-06-21
MFEM,3618,CHONGQING RURAL COMMERCIAL H COMMON STOCK CNY1.0,0.0015,2026-06-17,2026-06-21
MFEM,A034220,LG DISPLAY CO LTD COMMON STOCK KRW5000.0,0.0015,2026-06-17,2026-06-21
MFEM,A009540,HD KOREA SHIPBUILDING + OFFS COMMON STOCK KRW5000.0,0.0015,2026-06-17,2026-06-21
MFEM,601225,SHAANXI COAL INDUSTRY CO L A COMMON STOCK CNY1.0,0.0014,2026-06-17,2026-06-21
MFEM,A003550,LG CORP COMMON STOCK KRW5000.0,0.0014,2026-06-17,2026-06-21
MFEM,3993,CMOC GROUP LTD H COMMON STOCK CNY.2,0.0014,2026-06-17,2026-06-21
MFEM,A010950,S OIL CORP COMMON STOCK KRW2500.0,0.0014,2026-06-17,2026-06-21
MFEM,600000,SHANGHAI PUDONG DEVEL BANK A COMMON STOCK CNY1.0,0.0014,2026-06-17,2026-06-21
MFEM,BPAC11,BANCO BTG PACTUAL SA UNIT UNIT,0.0014,2026-06-17,2026-06-21
MFEM,A024110,INDUSTRIAL BANK OF KOREA COMMON STOCK KRW5000.0,0.0014,2026-06-17,2026-06-21
MFEM,SUZB3,SUZANO SA COMMON STOCK,0.0014,2026-06-17,2026-06-21
MFEM,3702,WPG HOLDINGS LTD COMMON STOCK TWD10.0,0.0014,2026-06-17,2026-06-21
MFEM,GOAU4,METALURGICA GERDAU SA PREF PREFERENCE,0.0014,2026-06-17,2026-06-21
MFEM,3008,LARGAN PRECISION CO LTD COMMON STOCK TWD10.0,0.0013,2026-06-17,2026-06-21
MFEM,B3SA3,B3 SA BRASIL BOLSA BALCAO COMMON STOCK,0.0013,2026-06-17,2026-06-21
MFEM,A005830,DB INSURANCE CO LTD COMMON STOCK KRW500.0,0.0013,2026-06-17,2026-06-21
MFEM,3328,BANK OF COMMUNICATIONS CO H COMMON STOCK CNY1.0,0.0013,2026-06-17,2026-06-21
MFEM,UGPA3,ULTRAPAR PARTICIPACOES SA COMMON STOCK,0.0013,2026-06-17,2026-06-21
MFEM,BPCL,BHARAT PETROLEUM CORP LTD COMMON STOCK INR10.0,0.0013,2026-06-17,2026-06-21
MFEM,1109,CHINA RESOURCES LAND LTD COMMON STOCK HKD.1,0.0013,2026-06-17,2026-06-21
MFEM,A375500,DL E+C CO LTD COMMON STOCK,0.0013,2026-06-17,2026-06-21
MFEM,2002,CHINA STEEL CORP COMMON STOCK TWD10.0,0.0013,2026-06-17,2026-06-21
MFEM,ETE,NATIONAL BANK OF GREECE COMMON STOCK EUR1.0,0.0013,2026-06-17,2026-06-21
MFEM,KBANK-F,KASIKORNBANK PCL FOREIGN FOREIGN SH. THB10.0 A,0.0013,2026-06-17,2026-06-21
MFEM,2449,KING YUAN ELECTRONICS CO LTD COMMON STOCK TWD10.0,0.0013,2026-06-17,2026-06-21
MFEM,HPCL,HINDUSTAN PETROLEUM CORP COMMON STOCK INR10.0,0.0012,2026-06-17,2026-06-21
MFEM,2328,PICC PROPERTY + CASUALTY H COMMON STOCK CNY1.0,0.0012,2026-06-17,2026-06-21
MFEM,SCC-F,SIAM CEMENT PUB CO FOR REG FOREIGN SH. THB1.0 A,0.0012,2026-06-17,2026-06-21
MFEM,2057,ZTO EXPRESS CAYMAN INC COMMON STOCK USD.0001,0.0012,2026-06-17,2026-06-21
MFEM,2609,YANG MING MARINE TRANSPORT COMMON STOCK TWD10.0,0.0012,2026-06-17,2026-06-21
MFEM,TLKM,TELKOM INDONESIA PERSERO TBK COMMON STOCK IDR50.0,0.0012,2026-06-17,2026-06-21
MFEM,2887,TS FINANCIAL HOLDING CO LTD COMMON STOCK TWD10.0,0.0012,2026-06-17,2026-06-21
MFEM,2359,WUXI APPTEC CO LTD H COMMON STOCK CNY1.0,0.0012,2026-06-17,2026-06-21
MFEM,2882,CATHAY FINANCIAL HOLDING CO COMMON STOCK TWD10.0,0.0012,2026-06-17,2026-06-21
MFEM,ADANI,ADANI POWER LTD COMMON STOCK INR2.0,0.0012,2026-06-17,2026-06-21
MFEM,KOF UBL,COCA COLA FEMSA SAB DE CV UNIT,0.0012,2026-06-17,2026-06-21
MFEM,A001040,CJ CORP COMMON STOCK KRW5000.0,0.0012,2026-06-17,2026-06-21
MFEM,USIM5,USINAS SIDER MINAS GER PF A PREFERENCE,0.0012,2026-06-17,2026-06-21
MFEM,BIMAS,BIM BIRLESIK MAGAZALAR AS COMMON STOCK TRY1.0,0.0012,2026-06-17,2026-06-21
MFEM,1216,UNI PRESIDENT ENTERPRISES CO COMMON STOCK TWD10.0,0.0012,2026-06-17,2026-06-21
MFEM,ICT,INTL CONTAINER TERM SVCS INC COMMON STOCK PHP1.0,0.0012,2026-06-17,2026-06-21
MFEM,EMIRATESNBD,EMIRATES NBD PJSC COMMON STOCK AED1.0,0.0012,2026-06-17,2026-06-21
MFEM,2338,WEICHAI POWER CO LTD H COMMON STOCK CNY1.0,0.0012,2026-06-17,2026-06-21
MFEM,NTPC,NTPC LTD COMMON STOCK INR10.0,0.0012,2026-06-17,2026-06-21
MFEM,HMCL,HERO MOTOCORP LTD COMMON STOCK INR2.0,0.0011,2026-06-17,2026-06-21
MFEM,1698,TENCENT MUSIC ENT   CLASS A COMMON STOCK USD.000083,0.0011,2026-06-17,2026-06-21
MFEM,IOCL,INDIAN OIL CORP LTD COMMON STOCK INR10.0,0.0011,2026-06-17,2026-06-21
MFEM,MAYBANK,MALAYAN BANKING BHD COMMON STOCK,0.0011,2026-06-17,2026-06-21
MFEM,MBRF3,MBRF GLOBAL FOODS COMPANY SA COMMON STOCK,0.0011,2026-06-17,2026-06-21
MFEM,SHP,SHOPRITE HOLDINGS LTD COMMON STOCK ZAR1.134,0.0011,2026-06-17,2026-06-21
MFEM,A004020,HYUNDAI STEEL CO COMMON STOCK KRW5000.0,0.0011,2026-06-17,2026-06-21
MFEM,VAML,VEDANTA ALUMINIUM METAL LTD COMMON STOCK INR1.0,0.0011,2026-06-17,2026-06-21
MFEM,8046,NAN YA PRINTED CIRCUIT BOARD COMMON STOCK TWD10.0,0.0011,2026-06-17,2026-06-21
MFEM,FAB,FIRST ABU DHABI BANK PJSC COMMON STOCK AED1.0,0.0011,2026-06-17,2026-06-21
MFEM,NACL,NATIONAL ALUMINIUM CO LTD COMMON STOCK INR5.0,0.0011,2026-06-17,2026-06-21
MFEM,2313,COMPEQ MANUFACTURING CO LTD COMMON STOCK TWD10.0,0.0011,2026-06-17,2026-06-21
MFEM,1024,KUAISHOU TECHNOLOGY COMMON STOCK USD.0000053,0.0011,2026-06-17,2026-06-21
MFEM,1301,FORMOSA PLASTICS CORP COMMON STOCK TWD10.0,0.0011,2026-06-17,2026-06-21
MFEM,2601,CHINA PACIFIC INSURANCE GR H COMMON STOCK CNY1.0,0.0011,2026-06-17,2026-06-21
MFEM,2474,CATCHER TECHNOLOGY CO LTD COMMON STOCK TWD10.0,0.001,2026-06-17,2026-06-21
MFEM,2039,CHINA INTERNATIONAL MARINE H COMMON STOCK CNY1.0,0.001,2026-06-17,2026-06-21
MFEM,CMIG4,CIA ENERGETICA MINAS GER PRF PREFERENCE,0.001,2026-06-17,2026-06-21
MFEM,HUVR,HINDUSTAN UNILEVER LTD COMMON STOCK INR1.0,0.001,2026-06-17,2026-06-21
MFEM,3808,SINOTRUK HONG KONG LTD COMMON STOCK,0.001,2026-06-17,2026-06-21
MFEM,NIO,NIO INC ADR ADR USD.00025,0.001,2026-06-17,2026-06-21
MFEM,000630,TONGLING NONFERROUS METALS A COMMON STOCK CNY1.0,0.001,2026-06-17,2026-06-21
MFEM,EREGL,EREGLI DEMIR VE CELIK FABRIK COMMON STOCK TRY1.0,0.001,2026-06-17,2026-06-21
MFEM,KLBN11,KLABIN SA   UNIT UNIT,0.001,2026-06-17,2026-06-21
MFEM,CIMB,CIMB GROUP HOLDINGS BHD COMMON STOCK,0.001,2026-06-17,2026-06-21
MFEM,NPN,NASPERS LTD N SHS COMMON STOCK ZAR.02,0.001,2026-06-17,2026-06-21
MFEM,600019,BAOSHAN IRON + STEEL CO A COMMON STOCK CNY1.0,0.001,2026-06-17,2026-06-21
MFEM,2886,MEGA FINANCIAL HOLDING CO LT COMMON STOCK TWD10.0,0.001,2026-06-17,2026-06-21
MFEM,000333,MIDEA GROUP CO LTD A COMMON STOCK CNY1.0,0.001,2026-06-17,2026-06-21
MFEM,6770,POWERCHIP SEMICONDUCTOR MANU COMMON STOCK TWD10.0,0.001,2026-06-17,2026-06-21
MFEM,6030,CITIC SECURITIES CO LTD H COMMON STOCK CNY1.0,0.001,2026-06-17,2026-06-21
MFEM,COALINDIA,COAL INDIA LTD COMMON STOCK INR10.0,0.001,2026-06-17,2026-06-21
MFEM,3996,CHINA ENERGY ENGINEERING C H COMMON STOCK CNY1.0,0.001,2026-06-17,2026-06-21
MFEM,1211,SAUDI ARABIAN MINING CO COMMON STOCK SAR10.0,0.001,2026-06-17,2026-06-21
MFEM,601985,CHINA NATIONAL NUCLEAR POW A COMMON STOCK CNY1.0,0.001,2026-06-17,2026-06-21
MFEM,960,LONGFOR GROUP HOLDINGS LTD COMMON STOCK HKD.1,0.001,2026-06-17,2026-06-21
MFEM,3706,MITAC HOLDINGS CORP COMMON STOCK TWD10.0,0.0009,2026-06-17,2026-06-21
MFEM,TENAGA,TENAGA NASIONAL BHD COMMON STOCK,0.0009,2026-06-17,2026-06-21
MFEM,KFH,KUWAIT FINANCE HOUSE COMMON STOCK KWD.0001,0.0009,2026-06-17,2026-06-21
MFEM,3045,TAIWAN MOBILE CO LTD COMMON STOCK TWD10.0,0.0009,2026-06-17,2026-06-21
MFEM,AOT-F,AIRPORTS OF THAILAND PCL FOR FOREIGN SH. THB1.0 A,0.0009,2026-06-17,2026-06-21
MFEM,PBBANK,PUBLIC BANK BERHAD COMMON STOCK,0.0009,2026-06-17,2026-06-21
MFEM,4938,PEGATRON CORP COMMON STOCK TWD10.0,0.0009,2026-06-17,2026-06-21
MFEM,2379,REALTEK SEMICONDUCTOR CORP COMMON STOCK TWD10.0,0.0009,2026-06-17,2026-06-21
MFEM,A006360,GS ENGINEERING + CONSTRUCT COMMON STOCK KRW5000.0,0.0009,2026-06-17,2026-06-21
MFEM,HCLT,HCL TECHNOLOGIES LTD COMMON STOCK INR2.0,0.0009,2026-06-17,2026-06-21
MFEM,CPF-F,CHAROEN POKPHAND FOOD FORGN FOREIGN SH. THB1.0 A,0.0009,2026-06-17,2026-06-21
MFEM,BBL-F,BANGKOK BANK PCL FOREIGN REG FOREIGN SH. THB10.0 A,0.0009,2026-06-17,2026-06-21
MFEM,TISCO-F,TISCO FINANCIAL FOREIGN FOREIGN SH. THB10.0 A,0.0009,2026-06-17,2026-06-21
MFEM,600487,HENGTONG OPTIC ELECTRIC CO A COMMON STOCK CNY1.0,0.0009,2026-06-17,2026-06-21
MFEM,EMAARDEV,EMAAR DEVELOPMENT PJSC COMMON STOCK AED1.0,0.0009,2026-06-17,2026-06-21
MFEM,A078930,GS HOLDINGS COMMON STOCK KRW5000.0,0.0009,2026-06-17,2026-06-21
MFEM,TOP-F,THAI OIL PCL FOREIGN FOREIGN SH. THB10.0 A,0.0009,2026-06-17,2026-06-21
MFEM,2884,E.SUN FINANCIAL HOLDING CO COMMON STOCK TWD10.0,0.0009,2026-06-17,2026-06-21
MFEM,316,ORIENT OVERSEAS INTL LTD COMMON STOCK USD.1,0.0009,2026-06-17,2026-06-21
MFEM,2880,HUA NAN FINANCIAL HOLDINGS C COMMON STOCK TWD10.0,0.0009,2026-06-17,2026-06-21
MFEM,601669,POWER CONSTRUCTION CORP OF A COMMON STOCK CNY1.0,0.0009,2026-06-17,2026-06-21
MFEM,AC *,ARCA CONTINENTAL SAB DE CV COMMON STOCK,0.0009,2026-06-17,2026-06-21
MFEM,A161390,HANKOOK TIRE + TECHNOLOGY CO COMMON STOCK KRW500.0,0.0009,2026-06-17,2026-06-21
MFEM,1359,CHINA CINDA ASSET MANAGEME H COMMON STOCK CNY1.0,0.0009,2026-06-17,2026-06-21
MFEM,601229,BANK OF SHANGHAI CO LTD A COMMON STOCK CNY1.0,0.0009,2026-06-17,2026-06-21
MFEM,AL,ASHOK LEYLAND LTD COMMON STOCK INR1.0,0.0009,2026-06-17,2026-06-21
MFEM,ADRO,ALAMTRI RESOURCES INDONESIA COMMON STOCK IDR100.0,0.0009,2026-06-17,2026-06-21
MFEM,BDMS-F,BANGKOK DUSIT MED SERVICE F FOREIGN SH. THB.1 A,0.0009,2026-06-17,2026-06-21
MFEM,BJAUT,BAJAJ AUTO LTD COMMON STOCK INR10.0,0.0008,2026-06-17,2026-06-21
MFEM,600050,CHINA UNITED NETWORK A COMMON STOCK CNY1.0,0.0008,2026-06-17,2026-06-21
MFEM,TIMS3,TIM SA COMMON STOCK,0.0008,2026-06-17,2026-06-21
MFEM,3034,NOVATEK MICROELECTRONICS COR COMMON STOCK TWD10.0,0.0008,2026-06-17,2026-06-21
MFEM,ABEV3,AMBEV SA COMMON STOCK,0.0008,2026-06-17,2026-06-21
MFEM,6655,HUAXIN BUILDING MATERIALS H COMMON STOCK CNY1.0,0.0008,2026-06-17,2026-06-21
MFEM,A138930,BNK FINANCIAL GROUP INC COMMON STOCK KRW5000.0,0.0008,2026-06-17,2026-06-21
MFEM,8112,SUPREME ELECTRONICS CO LTD COMMON STOCK TWD10.0,0.0008,2026-06-17,2026-06-21
MFEM,2020,SABIC AGRI NUTRIENTS CO COMMON STOCK SAR10.0,0.0008,2026-06-17,2026-06-21
MFEM,IDEA,VODAFONE IDEA LTD COMMON STOCK INR10.0,0.0008,2026-06-17,2026-06-21
MFEM,PMETAL,PRESS METAL ALUMINIUM HOLDIN COMMON STOCK,0.0008,2026-06-17,2026-06-21
MFEM,1101,TCC GROUP HOLDINGS CO LTD COMMON STOCK TWD10.0,0.0008,2026-06-17,2026-06-21
MFEM,2347,SYNNEX TECHNOLOGY INTL CORP COMMON STOCK TWD10.0,0.0008,2026-06-17,2026-06-21
MFEM,A006800,MIRAE ASSET SECURITIES CO LT COMMON STOCK KRW5000.0,0.0008,2026-06-17,2026-06-21
MFEM,SAIL,STEEL AUTHORITY OF INDIA COMMON STOCK INR10.0,0.0008,2026-06-17,2026-06-21
MFEM,002475,LUXSHARE PRECISION INDUSTR A COMMON STOCK CNY1.0,0.0008,2026-06-17,2026-06-21
MFEM,A023530,LOTTE SHOPPING CO COMMON STOCK KRW5000.0,0.0008,2026-06-17,2026-06-21
MFEM,600522,JIANGSU ZHONGTIAN TECHNOLO A COMMON STOCK CNY1.0,0.0008,2026-06-17,2026-06-21
MFEM,600015,HUAXIA BANK CO LTD A COMMON STOCK CNY1.0,0.0008,2026-06-17,2026-06-21
MFEM,270,GUANGDONG INVESTMENT LTD COMMON STOCK,0.0008,2026-06-17,2026-06-21
MFEM,2801,CHANG HWA COMMERCIAL BANK COMMON STOCK TWD10.0,0.0008,2026-06-17,2026-06-21
MFEM,RENT3,LOCALIZA RENT A CAR COMMON STOCK,0.0007,2026-06-17,2026-06-21
MFEM,FALABELLA,FALABELLA SA COMMON STOCK,0.0007,2026-06-17,2026-06-21
MFEM,EIM,EICHER MOTORS LTD COMMON STOCK INR1.0,0.0007,2026-06-17,2026-06-21
MFEM,600031,SANY HEAVY INDUSTRY CO LTD A COMMON STOCK CNY1.0,0.0007,2026-06-17,2026-06-21
MFEM,817,CHINA JINMAO HOLDINGS GROUP COMMON STOCK,0.0007,2026-06-17,2026-06-21
MFEM,2688,ENN ENERGY HOLDINGS LTD COMMON STOCK HKD.1,0.0007,2026-06-17,2026-06-21
MFEM,BBCA,BANK CENTRAL ASIA TBK PT COMMON STOCK IDR12.5,0.0007,2026-06-17,2026-06-21
MFEM,ENGI11,ENERGISA SA UNITS UNIT,0.0007,2026-06-17,2026-06-21
MFEM,BANPU/F,BANPU PUBLIC CO LTD FOR REG FOREIGN SH. THB1.0 A,0.0007,2026-06-17,2026-06-21
MFEM,1336,NEW CHINA LIFE INSURANCE C H COMMON STOCK CNY1.0,0.0007,2026-06-17,2026-06-21
MFEM,ISAE4,ISA ENERGIA BRASIL SA PREFERENCE,0.0007,2026-06-17,2026-06-21
MFEM,IIB,INDUSIND BANK LTD COMMON STOCK INR10.0,0.0007,2026-06-17,2026-06-21
MFEM,2395,ADVANTECH CO LTD COMMON STOCK TWD10.0,0.0007,2026-06-17,2026-06-21
MFEM,2010,SAUDI BASIC INDUSTRIES CORP COMMON STOCK SAR10.0,0.0007,2026-06-17,2026-06-21
MFEM,VEDL,VEDANTA LTD COMMON STOCK INR1.0,0.0007,2026-06-17,2026-06-21
MFEM,ADIB,ABU DHABI ISLAMIC BANK COMMON STOCK AED1.0,0.0007,2026-06-17,2026-06-21
MFEM,A139480,E MART INC COMMON STOCK KRW5000.0,0.0007,2026-06-17,2026-06-21
MFEM,600584,JCET GROUP CO LTD A COMMON STOCK CNY1.0,0.0007,2026-06-17,2026-06-21
MFEM,991,DATANG INTL POWER GEN CO H COMMON STOCK CNY1.0,0.0007,2026-06-17,2026-06-21
MFEM,JINDALST,JINDAL STEEL LTD COMMON STOCK INR1.0,0.0007,2026-06-17,2026-06-21
MFEM,A138040,MERITZ FINANCIAL GROUP INC COMMON STOCK KRW500.0,0.0007,2026-06-17,2026-06-21
MFEM,135,KUNLUN ENERGY CO LTD COMMON STOCK HKD.01,0.0007,2026-06-17,2026-06-21
MFEM,CPALL-F,CP ALL PCL FOREIGN FOREIGN SH. THB1.0 A,0.0007,2026-06-17,2026-06-21
MFEM,CENCOSUD,CENCOSUD SA COMMON STOCK,0.0007,2026-06-17,2026-06-21
MFEM,A001450,HYUNDAI MARINE + FIRE INS CO COMMON STOCK KRW500.0,0.0007,2026-06-17,2026-06-21
MFEM,1504,TECO ELECTRIC + MACHINERY COMMON STOCK TWD10.0,0.0007,2026-06-17,2026-06-21
MFEM,SBLK,STAR BULK CARRIERS CORP COMMON STOCK USD.01,0.0007,2026-06-17,2026-06-21
MFEM,601169,BANK OF BEIJING CO LTD  A COMMON STOCK CNY1.0,0.0007,2026-06-17,2026-06-21
MFEM,BVT,BIDVEST GROUP LTD COMMON STOCK ZAR.05,0.0007,2026-06-17,2026-06-21
MFEM,1339,PEOPLE S INSURANCE CO GROU H COMMON STOCK CNY1.0,0.0006,2026-06-17,2026-06-21
MFEM,NBK,NATIONAL BANK OF KUWAIT COMMON STOCK KWD.1,0.0006,2026-06-17,2026-06-21
MFEM,600176,CHINA JUSHI CO LTD  A COMMON STOCK CNY1.0,0.0006,2026-06-17,2026-06-21
MFEM,600096,YUNNAN YUNTIANHUA CO A COMMON STOCK CNY1.0,0.0006,2026-06-17,2026-06-21
MFEM,A032640,LG UPLUS CORP COMMON STOCK KRW5000.0,0.0006,2026-06-17,2026-06-21
MFEM,600346,HENGLI PETROCHEMICAL CO L A COMMON STOCK CNY1.0,0.0006,2026-06-17,2026-06-21
MFEM,2016,CHINA ZHESHANG BANK CO LTD H COMMON STOCK CNY1.0,0.0006,2026-06-17,2026-06-21
MFEM,000858,WULIANGYE YIBIN CO LTD A COMMON STOCK CNY1.0,0.0006,2026-06-17,2026-06-21
MFEM,2377,MICRO STAR INTERNATIONAL CO COMMON STOCK TWD10.0,0.0006,2026-06-17,2026-06-21
MFEM,2385,CHICONY ELECTRONICS CO LTD COMMON STOCK TWD10.0,0.0006,2026-06-17,2026-06-21
MFEM,322,TINGYI (CAYMAN ISLN) HLDG CO COMMON STOCK USD.005,0.0006,2026-06-17,2026-06-21
MFEM,A028050,SAMSUNG E+A CO LTD COMMON STOCK KRW5000.0,0.0006,2026-06-17,2026-06-21
MFEM,1618,METALLURGICAL CORP OF CHIN H COMMON STOCK CNY1.0,0.0006,2026-06-17,2026-06-21
MFEM,3900,GREENTOWN CHINA HOLDINGS COMMON STOCK HKD.1,0.0006,2026-06-17,2026-06-21
MFEM,TECHM,TECH MAHINDRA LTD COMMON STOCK INR5.0,0.0006,2026-06-17,2026-06-21
MFEM,A002380,KCC CORP COMMON STOCK KRW5000.0,0.0006,2026-06-17,2026-06-21
MFEM,2354,FOXCONN TECHNOLOGY CO LTD COMMON STOCK TWD10.0,0.0006,2026-06-17,2026-06-21
MFEM,DIB,DUBAI ISLAMIC BANK COMMON STOCK AED1.0,0.0006,2026-06-17,2026-06-21
MFEM,A036460,KOREA GAS CORPORATION COMMON STOCK KRW5000.0,0.0006,2026-06-17,2026-06-21
MFEM,A010130,KOREA ZINC CO LTD COMMON STOCK KRW5000.0,0.0006,2026-06-17,2026-06-21
MFEM,EAND,EMIRATES TELECOM GROUP CO COMMON STOCK AED1.0,0.0006,2026-06-17,2026-06-21
MFEM,POWF,POWER FINANCE CORPORATION COMMON STOCK INR10.0,0.0006,2026-06-17,2026-06-21
MFEM,600276,JIANGSU HENGRUI PHARMACEUT A COMMON STOCK CNY1.0,0.0006,2026-06-17,2026-06-21
MFEM,2611,GUOTAI HAITONG SECURITIES H COMMON STOCK CNY1.0,0.0006,2026-06-17,2026-06-21
MFEM,A097950,CJ CHEILJEDANG CORP COMMON STOCK KRW5000.0,0.0006,2026-06-17,2026-06-21
MFEM,9904,POU CHEN COMMON STOCK TWD10.0,0.0006,2026-06-17,2026-06-21
MFEM,WEGE3,WEG SA COMMON STOCK,0.0005,2026-06-17,2026-06-21
MFEM,1099,SINOPHARM GROUP CO H COMMON STOCK CNY1.0,0.0005,2026-06-17,2026-06-21
MFEM,SANB11,BANCO SANTANDER  BRASIL UNIT UNIT,0.0005,2026-06-17,2026-06-21
MFEM,600150,CHINA CSSC HOLDINGS LTD A COMMON STOCK CNY1.0,0.0005,2026-06-17,2026-06-21
MFEM,600104,SAIC MOTOR CORP LTD A COMMON STOCK CNY1.0,0.0005,2026-06-17,2026-06-21
MFEM,PGE,PGE SA COMMON STOCK PLN10.25,0.0005,2026-06-17,2026-06-21
MFEM,QNBK,QATAR NATIONAL BANK COMMON STOCK QAR1.0,0.0005,2026-06-17,2026-06-21
MFEM,600170,SHANGHAI CONSTRUCTION GROU A COMMON STOCK CNY1.0,0.0005,2026-06-17,2026-06-21
MFEM,HTO,HELLENIC TELECOMMUN ORGANIZA COMMON STOCK EUR2.83,0.0005,2026-06-17,2026-06-21
MFEM,600704,WUCHAN ZHONGDA GROUP CO L A COMMON STOCK CNY1.0,0.0005,2026-06-17,2026-06-21
MFEM,6886,HUATAI SECURITIES CO LTD H COMMON STOCK CNY1.0,0.0005,2026-06-17,2026-06-21
MFEM,2892,FIRST FINANCIAL HOLDING CO COMMON STOCK TWD10.0,0.0005,2026-06-17,2026-06-21
MFEM,ADCB,ABU DHABI COMMERCIAL BANK COMMON STOCK AED1.0,0.0005,2026-06-17,2026-06-21
MFEM,300274,SUNGROW POWER SUPPLY CO LT A COMMON STOCK CNY1.0,0.0005,2026-06-17,2026-06-21
MFEM,GBK,GULF BANK COMMON STOCK KWD.1,0.0005,2026-06-17,2026-06-21
MFEM,A011780,KUMHO PETROCHEMICAL CO LTD COMMON STOCK KRW5000.0,0.0005,2026-06-17,2026-06-21
MFEM,000568,LUZHOU LAOJIAO CO LTD A COMMON STOCK CNY1.0,0.0005,2026-06-17,2026-06-21
MFEM,1772,GANFENG LITHIUM GROUP CO L H COMMON STOCK CNY1.0,0.0005,2026-06-17,2026-06-21
MFEM,EXX,EXXARO RESOURCES LTD COMMON STOCK ZAR.01,0.0005,2026-06-17,2026-06-21
MFEM,2912,PRESIDENT CHAIN STORE CORP COMMON STOCK TWD10.0,0.0005,2026-06-17,2026-06-21
MFEM,4904,FAR EASTONE TELECOMM CO LTD COMMON STOCK TWD10.0,0.0005,2026-06-17,2026-06-21
MFEM,NPH,NORTHAM PLATINUM HOLDINGS LT COMMON STOCK,0.0005,2026-06-17,2026-06-21
MFEM,3969,CHINA RAILWAY SIGNAL + COM H COMMON STOCK CNY1.0,0.0005,2026-06-17,2026-06-21
MFEM,STA-F,SRI TRANG AGRO INDUSTRY FOR FOREIGN SH. THB1.0 A,0.0005,2026-06-17,2026-06-21
MFEM,HDFCAMC,HDFC ASSET MANAGEMENT CO LTD COMMON STOCK INR5.0,0.0005,2026-06-17,2026-06-21
MFEM,600741,HUAYU AUTOMOTIVE SYSTEMS  A COMMON STOCK CNY1.0,0.0005,2026-06-17,2026-06-21
MFEM,2312,KINPO ELECTRONICS INC COMMON STOCK TWD10.0,0.0005,2026-06-17,2026-06-21
MFEM,ADNOCDIST,ABU DHABI NATIONAL OIL CO FO COMMON STOCK AED.08,0.0005,2026-06-17,2026-06-21
MFEM,PE&OLES *,INDUSTRIAS PENOLES SAB DE CV COMMON STOCK,0.0005,2026-06-17,2026-06-21
MFEM,3673,TPK HOLDING CO LTD COMMON STOCK TWD10.0,0.0005,2026-06-17,2026-06-21
MFEM,3320,CHINA RESOURCES PHARMACEUTIC COMMON STOCK,0.0005,2026-06-17,2026-06-21
MFEM,RDOR3,REDE D OR SAO LUIZ SA COMMON STOCK,0.0005,2026-06-17,2026-06-21
MFEM,3692,HANSOH PHARMACEUTICAL GROUP COMMON STOCK HKD.00001,0.0005,2026-06-17,2026-06-21
MFEM,SIGMAFA,SIGMA FOODS SAB DE CV COMMON STOCK,0.0005,2026-06-17,2026-06-21
MFEM,BCI,BANCO DE CREDITO E INVERSION COMMON STOCK,0.0005,2026-06-17,2026-06-21
MFEM,TBS,TIGER BRANDS LTD COMMON STOCK ZAR.1,0.0005,2026-06-17,2026-06-21
MFEM,ACP,ASSECO POLAND SA COMMON STOCK PLN1.0,0.0005,2026-06-17,2026-06-21
MFEM,177,JIANGSU EXPRESS CO LTD H COMMON STOCK CNY1.0,0.0005,2026-06-17,2026-06-21
MFEM,2027,TA CHEN STAINLESS PIPE CO COMMON STOCK TWD10.0,0.0005,2026-06-17,2026-06-21
MFEM,NMDC,NMDC LTD COMMON STOCK INR1.0,0.0005,2026-06-17,2026-06-21
MFEM,ENELCHILE,ENEL CHILE SA COMMON STOCK,0.0005,2026-06-17,2026-06-21
MFEM,TPE,TAURON POLSKA ENERGIA SA COMMON STOCK PLN5.0,0.0005,2026-06-17,2026-06-21
MFEM,A001120,LX INTERNATIONAL CORP COMMON STOCK KRW5000.0,0.0005,2026-06-17,2026-06-21
MFEM,VOD,VODACOM GROUP LTD COMMON STOCK,0.0005,2026-06-17,2026-06-21
MFEM,576,ZHEJIANG EXPRESSWAY CO H COMMON STOCK CNY1.0,0.0005,2026-06-17,2026-06-21
MFEM,TVSL,TVS MOTOR CO LTD COMMON STOCK INR1.0,0.0005,2026-06-17,2026-06-21
MFEM,9696,TIANQI LITHIUM CORP H COMMON STOCK CNY1.0,0.0005,2026-06-17,2026-06-21
MFEM,598,SINOTRANS LIMITED H COMMON STOCK CNY1.0,0.0004,2026-06-17,2026-06-21
MFEM,2353,ACER INC COMMON STOCK TWD10.0,0.0004,2026-06-17,2026-06-21
MFEM,6881,CHINA GALAXY SECURITIES CO H COMMON STOCK CNY1.0,0.0004,2026-06-17,2026-06-21
MFEM,MOTV3,MOTIVA INFRAESTRUTURA DE MOB COMMON STOCK,0.0004,2026-06-17,2026-06-21
MFEM,CCU,CIA CERVECERIAS UNIDAS SA COMMON STOCK,0.0004,2026-06-17,2026-06-21
MFEM,BOROUGE,BOROUGE COMMON STOCK USD.16,0.0004,2026-06-17,2026-06-21
MFEM,300433,LENS TECHNOLOGY CO LTD A COMMON STOCK CNY1.0,0.0004,2026-06-17,2026-06-21
MFEM,SUNP,SUN PHARMACEUTICAL INDUS COMMON STOCK INR1.0,0.0004,2026-06-17,2026-06-21
MFEM,1030,SEAZEN GROUP LTD COMMON STOCK HKD.001,0.0004,2026-06-17,2026-06-21
MFEM,1802,TAIWAN GLASS IND CORP COMMON STOCK TWD10.0,0.0004,2026-06-17,2026-06-21
MFEM,000807,YUNNAN ALUMINIUM CO LTD A COMMON STOCK CNY1.0,0.0004,2026-06-17,2026-06-21
MFEM,5880,TAIWAN COOPERATIVE FINANCIAL COMMON STOCK TWD10.0,0.0004,2026-06-17,2026-06-21
MFEM,DEWA,DUBAI ELECTRICITY + WATER AU COMMON STOCK AED.01,0.0004,2026-06-17,2026-06-21
MFEM,ADNOCGAS,ADNOC GAS PLC COMMON STOCK USD.25,0.0004,2026-06-17,2026-06-21
MFEM,PLNG,PETRONET LNG LTD COMMON STOCK INR10.0,0.0004,2026-06-17,2026-06-21
MFEM,AMBANK,AMMB HOLDINGS BHD COMMON STOCK,0.0004,2026-06-17,2026-06-21
MFEM,600089,TBEA CO LTD A COMMON STOCK CNY1.0,0.0004,2026-06-17,2026-06-21
MFEM,3908,CHINA INTERNATIONAL CAPITA H COMMON STOCK CNY1.0,0.0004,2026-06-17,2026-06-21
MFEM,1402,FAR EASTERN NEW CENTURY CORP COMMON STOCK TWD10.0,0.0004,2026-06-17,2026-06-21
MFEM,BCP-F,BANGCHAK CORP PCL FOREIGN FOREIGN SH. THB1.0 A,0.0004,2026-06-17,2026-06-21
MFEM,DIF-F,DIGITAL TELECOMMUNICATIONS F UNIT THB10.0 A,0.0004,2026-06-17,2026-06-21
MFEM,A005940,NH INVESTMENT + SECURITIES C COMMON STOCK KRW5000.0,0.0004,2026-06-17,2026-06-21
MFEM,600309,WANHUA CHEMICAL GROUP CO  A COMMON STOCK CNY1.0,0.0004,2026-06-17,2026-06-21
MFEM,GAMUDA,GAMUDA BHD COMMON STOCK,0.0004,2026-06-17,2026-06-21
MFEM,1776,GF SECURITIES CO LTD H COMMON STOCK CNY1.0,0.0004,2026-06-17,2026-06-21
MFEM,MUTH,MUTHOOT FINANCE LTD COMMON STOCK INR10.0,0.0004,2026-06-17,2026-06-21
MFEM,2542,HIGHWEALTH CONSTRUCTION CORP COMMON STOCK TWD10.0,0.0004,2026-06-17,2026-06-21
MFEM,600795,GD POWER DEVELOPMENT CO  A COMMON STOCK CNY1.0,0.0004,2026-06-17,2026-06-21
MFEM,323,MAANSHAN IRON + STEEL H COMMON STOCK CNY1.0,0.0004,2026-06-17,2026-06-21
MFEM,GRUMA B,GRUMA S.A.B. B COMMON STOCK,0.0004,2026-06-17,2026-06-21
MFEM,ISMEN,IS YATIRIM MENKUL DEGERLER A COMMON STOCK TRY1.0,0.0004,2026-06-17,2026-06-21
MFEM,300124,SHENZHEN INOVANCE TECHNOLO A COMMON STOCK CNY1.0,0.0004,2026-06-17,2026-06-21
MFEM,ASURB,GRUPO AEROPORT DEL SURESTE B COMMON STOCK,0.0004,2026-06-17,2026-06-21
MFEM,600489,ZHONGJIN GOLD CORP A COMMON STOCK CNY1.0,0.0004,2026-06-17,2026-06-21
MFEM,1605,WALSIN LIHWA CORP COMMON STOCK TWD10.0,0.0004,2026-06-17,2026-06-21
MFEM,600755,XIAMEN ITG GROUP CORP LTD A COMMON STOCK CNY1.0,0.0004,2026-06-17,2026-06-21
MFEM,TM,TELEKOM MALAYSIA BHD COMMON STOCK,0.0004,2026-06-17,2026-06-21
MFEM,ABCAP,ADITYA BIRLA CAPITAL LTD COMMON STOCK INR10.0,0.0004,2026-06-17,2026-06-21
MFEM,INDUSTOW,INDUS TOWERS LTD COMMON STOCK INR10.0,0.0004,2026-06-17,2026-06-21
MFEM,TOPGLOV,TOP GLOVE CORP BHD COMMON STOCK,0.0004,2026-06-17,2026-06-21
MFEM,ADNOCDRILL,ADNOC DRILLING CO PJSC COMMON STOCK,0.0004,2026-06-17,2026-06-21
MFEM,1717,ETERNAL MATERIALS CO LTD COMMON STOCK TWD10.0,0.0004,2026-06-17,2026-06-21
MFEM,6690,HAIER SMART HOME CO LTD H COMMON STOCK CNY1.0,0.0004,2026-06-17,2026-06-21
MFEM,552,CHINA COMMUNICATIONS SERVI H COMMON STOCK CNY1.0,0.0004,2026-06-17,2026-06-21
MFEM,392,BEIJING ENTERPRISES HLDGS COMMON STOCK,0.0004,2026-06-17,2026-06-21
MFEM,6505,FORMOSA PETROCHEMICAL CORP COMMON STOCK TWD10.0,0.0004,2026-06-17,2026-06-21
MFEM,UNTR,UNITED TRACTORS TBK PT COMMON STOCK IDR250.0,0.0004,2026-06-17,2026-06-21
MFEM,002714,MUYUAN FOODS GROUP CO LTD A COMMON STOCK CNY1.0,0.0004,2026-06-17,2026-06-21
MFEM,2834,TAIWAN BUSINESS BANK COMMON STOCK TWD10.0,0.0004,2026-06-17,2026-06-21
MFEM,DIVI,DIVI S LABORATORIES LTD COMMON STOCK INR2.0,0.0004,2026-06-17,2026-06-21
MFEM,000415,BOHAI LEASING CO LTD A COMMON STOCK CNY1.0,0.0004,2026-06-17,2026-06-21
MFEM,2009,BBMG CORP H COMMON STOCK CNY1.0,0.0004,2026-06-17,2026-06-21
MFEM,TCAP-F,THANACHART CAPITAL FOREIGN FOREIGN SH. THB10.0 A,0.0004,2026-06-17,2026-06-21
MFEM,601009,BANK OF NANJING CO LTD  A COMMON STOCK CNY1.0,0.0004,2026-06-17,2026-06-21
MFEM,1102,ASIA CEMENT CORP COMMON STOCK TWD10.0,0.0004,2026-06-17,2026-06-21
MFEM,CBK,CANARA BANK COMMON STOCK INR2.0,0.0004,2026-06-17,2026-06-21
MFEM,000792,QINGHAI SALT LAKE INDUSTRY A COMMON STOCK CNY1.0,0.0004,2026-06-17,2026-06-21
MFEM,AXIA7,AXIA ENERGIA PR C PREFERENCE,0.0004,2026-06-17,2026-06-21
MFEM,SUNWAY,SUNWAY BHD COMMON STOCK,0.0004,2026-06-17,2026-06-21
MFEM,BELA,JUMBO SA COMMON STOCK EUR.88,0.0004,2026-06-17,2026-06-21
MFEM,IDFCFB,IDFC FIRST BANK LTD COMMON STOCK INR10.0,0.0004,2026-06-17,2026-06-21
MFEM,A088350,HANWHA LIFE INSURANCE CO LTD COMMON STOCK KRW5000.0,0.0004,2026-06-17,2026-06-21
MFEM,AUBANK,AU SMALL FINANCE BANK LTD COMMON STOCK INR10.0,0.0004,2026-06-17,2026-06-21
MFEM,QIBK,QATAR ISLAMIC BANK COMMON STOCK QAR1.0,0.0004,2026-06-17,2026-06-21
MFEM,220,UNI PRESIDENT CHINA HOLDINGS COMMON STOCK HKD.01,0.0004,2026-06-17,2026-06-21
MFEM,ARIj,AFRICAN RAINBOW MINERALS LTD COMMON STOCK ZAR.05,0.0004,2026-06-17,2026-06-21
MFEM,UTCEM,ULTRATECH CEMENT LTD COMMON STOCK INR10.0,0.0004,2026-06-17,2026-06-21
MFEM,603799,ZHEJIANG HUAYOU COBALT CO  A COMMON STOCK CNY1.0,0.0004,2026-06-17,2026-06-21
MFEM,TCELL,TURKCELL ILETISIM HIZMET AS COMMON STOCK TRY1.0,0.0004,2026-06-17,2026-06-21
MFEM,000878,YUNNAN COPPER CO LTD A COMMON STOCK CNY1.0,0.0004,2026-06-17,2026-06-21
MFEM,6176,RADIANT OPTO ELECTRONICS COR COMMON STOCK TWD10.0,0.0004,2026-06-17,2026-06-21
MFEM,3360,FAR EAST HORIZON LTD COMMON STOCK,0.0004,2026-06-17,2026-06-21
MFEM,601155,SEAZEN HOLDINGS CO LTD A COMMON STOCK CNY1.0,0.0004,2026-06-17,2026-06-21
MFEM,MOH,MOTOR OIL (HELLAS) SA COMMON STOCK EUR.75,0.0004,2026-06-17,2026-06-21
MFEM,MRP,MR PRICE GROUP LTD COMMON STOCK ZAR.00025,0.0004,2026-06-17,2026-06-21
MFEM,601699,SHANXI LU AN ENVIRONMENTAL A COMMON STOCK CNY1.0,0.0004,2026-06-17,2026-06-21
MFEM,CRIN,COROMANDEL INTERNATIONAL LTD COMMON STOCK INR1.0,0.0004,2026-06-17,2026-06-21
MFEM,SAMMAANC,SAMMAAN CAPITAL LTD COMMON STOCK,0.0004,2026-06-17,2026-06-21
MFEM,000830,LUXI CHEMICAL GROUP CO LT A COMMON STOCK CNY1.0,0.0004,2026-06-17,2026-06-21
MFEM,600153,XIAMEN C + D INC A COMMON STOCK CNY1.0,0.0004,2026-06-17,2026-06-21
MFEM,600111,CHINA NORTHERN RARE EARTH  A COMMON STOCK CNY1.0,0.0004,2026-06-17,2026-06-21
MFEM,257,CHINA EVERBRIGHT ENVIRONMENT COMMON STOCK,0.0004,2026-06-17,2026-06-21
MFEM,BRPT,BARITO PACIFIC TBK PT COMMON STOCK IDR100.0,0.0004,2026-06-17,2026-06-21
MFEM,TRP,TORRENT PHARMACEUTICALS LTD COMMON STOCK INR5.0,0.0003,2026-06-17,2026-06-21
MFEM,KIO,KUMBA IRON ORE LTD COMMON STOCK ZAR.0001,0.0003,2026-06-17,2026-06-21
MFEM,2280,ALMARAI CO COMMON STOCK SAR10.0,0.0003,2026-06-17,2026-06-21
MFEM,A011170,LOTTE CHEMICAL CORP COMMON STOCK KRW5000.0,0.0003,2026-06-17,2026-06-21
MFEM,A051900,LG H+H COMMON STOCK KRW5000.0,0.0003,2026-06-17,2026-06-21
MFEM,RHBBANK,RHB BANK BHD COMMON STOCK,0.0003,2026-06-17,2026-06-21
MFEM,ENKAI,ENKA INSAAT VE SANAYI AS COMMON STOCK TRY1.0,0.0003,2026-06-17,2026-06-21
MFEM,A009830,HANWHA SOLUTIONS CORP COMMON STOCK KRW5000.0,0.0003,2026-06-17,2026-06-21
MFEM,601872,CHINA MERCHANTS ENERGY  A COMMON STOCK CNY1.0,0.0003,2026-06-17,2026-06-21
MFEM,1963,BANK OF CHONGQING CO LTD H COMMON STOCK CNY1.0,0.0003,2026-06-17,2026-06-21
MFEM,SDG,SD GUTHRIE BHD COMMON STOCK,0.0003,2026-06-17,2026-06-21
MFEM,600820,SHANGHAI TUNNEL ENGINEERIN A COMMON STOCK CNY1.0,0.0003,2026-06-17,2026-06-21
MFEM,600406,NARI TECHNOLOGY CO LTD A COMMON STOCK CNY1.0,0.0003,2026-06-17,2026-06-21
MFEM,000050,TIANMA MICROELECTRONICS A COMMON STOCK CNY1.0,0.0003,2026-06-17,2026-06-21
MFEM,902,HUANENG POWER INTL INC H COMMON STOCK CNY1.0,0.0003,2026-06-17,2026-06-21
MFEM,601997,BANK OF GUIYANG CO LTD A COMMON STOCK CNY1.0,0.0003,2026-06-17,2026-06-21
MFEM,1476,ECLAT TEXTILE COMPANY LTD COMMON STOCK TWD10.0,0.0003,2026-06-17,2026-06-21
MFEM,Y92,THAI BEVERAGE PCL COMMON STOCK THB1.0 L,0.0003,2026-06-17,2026-06-21
MFEM,601006,DAQIN RAILWAY CO LTD  A COMMON STOCK CNY1.0,0.0003,2026-06-17,2026-06-21
MFEM,DIC,DUBAI INVESTMENTS PJSC COMMON STOCK AED1.0,0.0003,2026-06-17,2026-06-21
MFEM,BIMBOA,GRUPO BIMBO SAB  SERIES A COMMON STOCK,0.0003,2026-06-17,2026-06-21
MFEM,ALWN,ALLWYN AG COMMON STOCK EUR.3,0.0003,2026-06-17,2026-06-21
MFEM,SIME,SIME DARBY BERHAD COMMON STOCK,0.0003,2026-06-17,2026-06-21
MFEM,4915,PRIMAX ELECTRONICS LTD COMMON STOCK TWD10.0,0.0003,2026-06-17,2026-06-21
MFEM,ENA,ENEA SA COMMON STOCK PLN1.0,0.0003,2026-06-17,2026-06-21
MFEM,5110,SAUDI ENERGY CO COMMON STOCK SAR10.0,0.0003,2026-06-17,2026-06-21
MFEM,4190,JARIR MARKETING CO COMMON STOCK SAR1.0,0.0003,2026-06-17,2026-06-21
MFEM,2204,CHINA MOTOR CORP COMMON STOCK TWD10.0,0.0003,2026-06-17,2026-06-21
MFEM,600893,AECC AVIATION POWER CO A COMMON STOCK CNY1.0,0.0003,2026-06-17,2026-06-21
MFEM,IHH,IHH HEALTHCARE BHD COMMON STOCK,0.0003,2026-06-17,2026-06-21
MFEM,1193,CHINA RESOURCES GAS GROUP LT COMMON STOCK HKD.1,0.0003,2026-06-17,2026-06-21
MFEM,1898,CHINA COAL ENERGY CO H COMMON STOCK CNY1.0,0.0003,2026-06-17,2026-06-21
MFEM,1787,SHANDONG GOLD MINING CO LT H COMMON STOCK CNY1.0,0.0003,2026-06-17,2026-06-21
MFEM,A000120,CJ LOGISTICS COMMON STOCK KRW5000.0,0.0003,2026-06-17,2026-06-21
MFEM,EGIE3,ENGIE BRASIL ENERGIA SA COMMON STOCK,0.0003,2026-06-17,2026-06-21
MFEM,DRRD,DR. REDDY S LABORATORIES COMMON STOCK INR1.0,0.0003,2026-06-17,2026-06-21
MFEM,YTLPOWR,YTL POWER INTERNATIONAL BHD COMMON STOCK,0.0003,2026-06-17,2026-06-21
MFEM,REDI,REDINGTON LTD COMMON STOCK INR2.0,0.0003,2026-06-17,2026-06-21
MFEM,COPEC,EMPRESAS COPEC SA COMMON STOCK,0.0003,2026-06-17,2026-06-21
MFEM,6618,JD HEALTH INTERNATIONAL INC COMMON STOCK USD.0000005,0.0003,2026-06-17,2026-06-21
MFEM,GRT,GROWTHPOINT PROPERTIES LTD REIT,0.0003,2026-06-17,2026-06-21
MFEM,CSNA3,CIA SIDERURGICA NACIONAL SA COMMON STOCK,0.0003,2026-06-17,2026-06-21
MFEM,601168,WESTERN MINING CO  A COMMON STOCK CNY1.0,0.0003,2026-06-17,2026-06-21
MFEM,000538,YUNNAN BAIYAO GROUP CO LTD A COMMON STOCK CNY1.0,0.0003,2026-06-17,2026-06-21
MFEM,000932,HUNAN VALIN STEEL CO LTD  A COMMON STOCK CNY1.0,0.0003,2026-06-17,2026-06-21
MFEM,WHL,WOOLWORTHS HOLDINGS LTD COMMON STOCK,0.0003,2026-06-17,2026-06-21
MFEM,ANDINA-B,EMBOTELLADORA ANDINA PREF B PREFERENCE,0.0003,2026-06-17,2026-06-21
MFEM,600256,GUANGHUI ENERGY CO LTD A COMMON STOCK CNY1.0,0.0003,2026-06-17,2026-06-21
MFEM,TKG,TELKOM SA SOC LTD COMMON STOCK ZAR10.0,0.0003,2026-06-17,2026-06-21
MFEM,HAR,HARMONY GOLD MINING CO LTD COMMON STOCK ZAR.5,0.0003,2026-06-17,2026-06-21
MFEM,MISC,MISC BHD COMMON STOCK,0.0003,2026-06-17,2026-06-21
MFEM,ORBIA *,ORBIA ADVANCE CORP SAB DE CV COMMON STOCK,0.0003,2026-06-17,2026-06-21
MFEM,TKFEN,TEKFEN HOLDING AS COMMON STOCK TRY1.0,0.0003,2026-06-17,2026-06-21
MFEM,5876,THE SHANGHAI COMMERCIAL + SA COMMON STOCK TWD10.0,0.0003,2026-06-17,2026-06-21
MFEM,MEGA CPO,MEGACABLE HOLDINGS CPO UNIT,0.0003,2026-06-17,2026-06-21
MFEM,670,CHINA EASTERN AIRLINES CO H COMMON STOCK CNY1.0,0.0003,2026-06-17,2026-06-21
MFEM,BRIT,BRITANNIA INDUSTRIES LTD COMMON STOCK INR1.0,0.0003,2026-06-17,2026-06-21
MFEM,HLBANK,HONG LEONG BANK BERHAD COMMON STOCK,0.0003,2026-06-17,2026-06-21
MFEM,1508,CHINA REINSURANCE GROUP CO H COMMON STOCK CNY1.0,0.0003,2026-06-17,2026-06-21
MFEM,600282,NANJING IRON + STEEL CO A COMMON STOCK CNY1.0,0.0003,2026-06-17,2026-06-21
MFEM,1138,COSCO SHIPPING ENERGY TRAN H COMMON STOCK CNY1.0,0.0003,2026-06-17,2026-06-21
MFEM,INBK,INDIAN BANK COMMON STOCK INR10.0,0.0003,2026-06-17,2026-06-21
MFEM,6198,QINGDAO PORT INTERNATIONAL H COMMON STOCK CNY1.0,0.0003,2026-06-17,2026-06-21
MFEM,MTH,MOTUS HOLDINGS LTD COMMON STOCK,0.0003,2026-06-17,2026-06-21
MFEM,APNT,ASIAN PAINTS LTD COMMON STOCK INR1.0,0.0003,2026-06-17,2026-06-21
MFEM,000977,IEIT SYSTEMS CO LTD A COMMON STOCK CNY1.0,0.0003,2026-06-17,2026-06-21
MFEM,LTF,L+T FINANCE LTD COMMON STOCK INR10.0,0.0003,2026-06-17,2026-06-21
MFEM,IQCD,INDUSTRIES QATAR COMMON STOCK QAR1.0,0.0003,2026-06-17,2026-06-21
MFEM,1071,HUADIAN POWER INTL CORP H COMMON STOCK CNY1.0,0.0003,2026-06-17,2026-06-21
MFEM,002001,ZHEJIANG NHU CO LTD A COMMON STOCK CNY1.0,0.0003,2026-06-17,2026-06-21
MFEM,SI,SUPREME INDUSTRIES LTD COMMON STOCK INR2.0,0.0003,2026-06-17,2026-06-21
MFEM,3606,FUYAO GLASS INDUSTRY GROUP H COMMON STOCK CNY1.0,0.0003,2026-06-17,2026-06-21
MFEM,LPC,LUPIN LTD COMMON STOCK INR2.0,0.0003,2026-06-17,2026-06-21
MFEM,MPHL,MPHASIS LTD COMMON STOCK INR10.0,0.0003,2026-06-17,2026-06-21
MFEM,2386,SINOPEC ENGINEERING GROUP H COMMON STOCK CNY1.0,0.0003,2026-06-17,2026-06-21
MFEM,PCHEM,PETRONAS CHEMICALS GROUP BHD COMMON STOCK,0.0003,2026-06-17,2026-06-21
MFEM,ZAIN,MOBILE TELECOMMUNICATIONS CO COMMON STOCK KWD.1,0.0003,2026-06-17,2026-06-21
MFEM,300014,EVE ENERGY CO LTD A COMMON STOCK CNY1.0,0.0003,2026-06-17,2026-06-21
MFEM,IJM,IJM CORP BHD COMMON STOCK,0.0003,2026-06-17,2026-06-21
MFEM,NRP,NEPI ROCKCASTLE N.V. COMMON STOCK,0.0003,2026-06-17,2026-06-21
MFEM,7489,VOYAH AUTOMOBILE TECHNOLOG H COMMON STOCK CNY1.0,0.0003,2026-06-17,2026-06-21
MFEM,001979,CHINA MERCHANTS SHEKOU IND A COMMON STOCK CNY1.0,0.0003,2026-06-17,2026-06-21
MFEM,819,TIANNENG POWER INTL LTD COMMON STOCK HKD.1,0.0003,2026-06-17,2026-06-21
MFEM,600066,YUTONG BUS CO LTD A COMMON STOCK CNY1.0,0.0003,2026-06-17,2026-06-21
MFEM,NHPC,NHPC LTD COMMON STOCK INR10.0,0.0003,2026-06-17,2026-06-21
MFEM,RBK,RBL BANK LTD COMMON STOCK INR10.0,0.0002,2026-06-17,2026-06-21
MFEM,600348,SHAN XI HUA YANG GROUP NEW A COMMON STOCK CNY1.0,0.0002,2026-06-17,2026-06-21
MFEM,CIPLA,CIPLA LTD COMMON STOCK INR2.0,0.0002,2026-06-17,2026-06-21
MFEM,9910,FENG TAY ENTERPRISE CO LTD COMMON STOCK TWD10.0,0.0002,2026-06-17,2026-06-21
MFEM,A047050,POSCO INTERNATIONAL CORP COMMON STOCK KRW5000.0,0.0002,2026-06-17,2026-06-21
MFEM,152,SHENZHEN INTL HOLDINGS COMMON STOCK HKD1.0,0.0002,2026-06-17,2026-06-21
MFEM,BOUBYAN,BOUBYAN BANK K.S.C COMMON STOCK KWD.1,0.0002,2026-06-17,2026-06-21
MFEM,2331,LI NING CO LTD COMMON STOCK HKD.1,0.0002,2026-06-17,2026-06-21
MFEM,2006,TUNG HO STEEL ENTERPRISE COR COMMON STOCK TWD10.0,0.0002,2026-06-17,2026-06-21
MFEM,002027,FOCUS MEDIA INFORMATION TE A COMMON STOCK CNY1.0,0.0002,2026-06-17,2026-06-21
MFEM,SUF,SUNDARAM FINANCE LTD COMMON STOCK INR10.0,0.0002,2026-06-17,2026-06-21
MFEM,APAT,APL APOLLO TUBES LTD COMMON STOCK INR2.0,0.0002,2026-06-17,2026-06-21
MFEM,601216,INNER MONGOLIA JUNZHENG EN A COMMON STOCK CNY1.0,0.0002,2026-06-17,2026-06-21
MFEM,RPWR,RELIANCE POWER LTD COMMON STOCK INR10.0,0.0002,2026-06-17,2026-06-21
MFEM,CPFE3,CPFL ENERGIA SA COMMON STOCK,0.0002,2026-06-17,2026-06-21
MFEM,PTCIN,PTC INDIA LTD COMMON STOCK INR10.0,0.0002,2026-06-17,2026-06-21
MFEM,ASII,ASTRA INTERNATIONAL TBK PT COMMON STOCK IDR50.0,0.0002,2026-06-17,2026-06-21
MFEM,UNBK,UNION BANK OF INDIA COMMON STOCK INR10.0,0.0002,2026-06-17,2026-06-21
MFEM,A004990,LOTTE CORP COMMON STOCK KRW200.0,0.0002,2026-06-17,2026-06-21
MFEM,6186,CHINA FEIHE LTD COMMON STOCK USD.000000025,0.0002,2026-06-17,2026-06-21
MFEM,ZYDUSLIF,ZYDUS LIFESCIENCES LTD COMMON STOCK INR1.0,0.0002,2026-06-17,2026-06-21
MFEM,601012,LONGI GREEN ENERGY TECHNOL A COMMON STOCK CNY1.0,0.0002,2026-06-17,2026-06-21
MFEM,OPL,ORANGE POLSKA SA COMMON STOCK PLN3.0,0.0002,2026-06-17,2026-06-21
MFEM,2866,COSCO SHIPPING DEVELOPMENT H COMMON STOCK CNY1.0,0.0002,2026-06-17,2026-06-21
MFEM,AEFES,ANADOLU EFES BIRACILIK VE COMMON STOCK TRY1.0,0.0002,2026-06-17,2026-06-21
MFEM,MAXIS,MAXIS BHD COMMON STOCK,0.0002,2026-06-17,2026-06-21
MFEM,SPALI-F,SUPALAI PUBLIC CO LTD FOR FOREIGN SH. THB1.0 A,0.0002,2026-06-17,2026-06-21
MFEM,7020,ETIHAD ETISALAT CO COMMON STOCK SAR10.0,0.0002,2026-06-17,2026-06-21
MFEM,NEST,NESTLE INDIA LTD COMMON STOCK INR1.0,0.0002,2026-06-17,2026-06-21
MFEM,IOICORP,IOI CORP BHD COMMON STOCK,0.0002,2026-06-17,2026-06-21
MFEM,1044,HENGAN INTL GROUP CO LTD COMMON STOCK HKD.1,0.0002,2026-06-17,2026-06-21
MFEM,CPS,CYFROWY POLSAT SA COMMON STOCK PLN.04,0.0002,2026-06-17,2026-06-21
MFEM,2128,CHINA LESSO GROUP HOLDINGS L COMMON STOCK HKD.05,0.0002,2026-06-17,2026-06-21
MFEM,TGA,THUNGELA RESOURCES LTD COMMON STOCK,0.0002,2026-06-17,2026-06-21
MFEM,1880,CHINA TOURISM GROUP DUTY F H COMMON STOCK CNY1.0,0.0002,2026-06-17,2026-06-21
MFEM,QGTS,QATAR GAS TRANSPORT(NAKILAT) COMMON STOCK QAR1.0,0.0002,2026-06-17,2026-06-21
MFEM,1918,SUNAC CHINA HOLDINGS LTD COMMON STOCK HKD.1,0.0002,2026-06-17,2026-06-21
MFEM,YTL,YTL CORP BHD COMMON STOCK,0.0002,2026-06-17,2026-06-21
MFEM,600926,BANK OF HANGZHOU CO LTD A COMMON STOCK CNY1.0,0.0002,2026-06-17,2026-06-21
MFEM,ORDS,OOREDOO QPSC COMMON STOCK QAR1.0,0.0002,2026-06-17,2026-06-21
MFEM,TEL,PLDT INC COMMON STOCK PHP5.0,0.0002,2026-06-17,2026-06-21
MFEM,ELPE,HELLENIQ ENERGY HOLDINGS SA COMMON STOCK EUR2.18,0.0002,2026-06-17,2026-06-21
MFEM,MRCO,MARICO LTD COMMON STOCK INR1.0,0.0002,2026-06-17,2026-06-21
MFEM,LPP,LPP SA COMMON STOCK PLN2.0,0.0002,2026-06-17,2026-06-21
MFEM,000703,HENGYI PETROCHEMICAL CO  A COMMON STOCK CNY1.0,0.0002,2026-06-17,2026-06-21
MFEM,338,SINOPEC SHANGHAI PETROCHEM H COMMON STOCK CNY1.0,0.0002,2026-06-17,2026-06-21
MFEM,GENTING,GENTING BHD COMMON STOCK,0.0002,2026-06-17,2026-06-21
MFEM,601825,SHANGHAI RURAL COMMERCIAL  A COMMON STOCK CNY1.0,0.0002,2026-06-17,2026-06-21
MFEM,TU-F,THAI UNION GROUP PCL F FOREIGN SH. THB.25 A,0.0002,2026-06-17,2026-06-21
MFEM,PGAS,PERUSAHAAN GAS NEGARA PERSER COMMON STOCK IDR100.0,0.0002,2026-06-17,2026-06-21
MFEM,ENJSA,ENERJISA ENERJI AS COMMON STOCK,0.0002,2026-06-17,2026-06-21
MFEM,4300,DAR AL ARKAN REAL ESTATE DEV COMMON STOCK SAR10.0,0.0002,2026-06-17,2026-06-21
MFEM,000983,SHANXI COKING COAL ENERGY A COMMON STOCK CNY1.0,0.0002,2026-06-17,2026-06-21
MFEM,CLGT,COLGATE PALMOLIVE (INDIA) COMMON STOCK INR1.0,0.0002,2026-06-17,2026-06-21
MFEM,GNP,GLENMARK PHARMACEUTICALS LTD COMMON STOCK INR1.0,0.0002,2026-06-17,2026-06-21
MFEM,1072,DONGFANG ELECTRIC CORP LTD H COMMON STOCK CNY1.0,0.0002,2026-06-17,2026-06-21
MFEM,000933,HENAN SHENHUO COAL + POWER A COMMON STOCK CNY1.0,0.0002,2026-06-17,2026-06-21
MFEM,2208,GOLDWIND SCIENCE+TECHNOLOG H COMMON STOCK CNY1.0,0.0002,2026-06-17,2026-06-21
MFEM,CCOLA,COCA COLA ICECEK AS COMMON STOCK TRY1.0,0.0002,2026-06-17,2026-06-21
MFEM,2313,SHENZHOU INTERNATIONAL GROUP COMMON STOCK HKD.1,0.0002,2026-06-17,2026-06-21
MFEM,LH-F,LAND + HOUSES PUB CO FOR REG FOREIGN SH. THB1.0 A,0.0002,2026-06-17,2026-06-21
MFEM,ANTM,ANEKA TAMBANG TBK COMMON STOCK IDR100.0,0.0002,2026-06-17,2026-06-21
MFEM,SBILIFE,SBI LIFE INSURANCE CO LTD COMMON STOCK INR10.0,0.0002,2026-06-17,2026-06-21
MFEM,2392,CHENG UEI PRECISION INDUSTRY COMMON STOCK TWD10.0,0.0002,2026-06-17,2026-06-21
MFEM,300498,WENS FOODSTUFF GROUP CO L A COMMON STOCK CNY1.0,0.0002,2026-06-17,2026-06-21
MFEM,2727,SHANGHAI ELECTRIC GRP CO L H COMMON STOCK CNY1.0,0.0002,2026-06-17,2026-06-21
MFEM,ALKEM,ALKEM LABORATORIES LTD COMMON STOCK INR2.0,0.0002,2026-06-17,2026-06-21
MFEM,6098,COUNTRY GARDEN SERVICES HOLD COMMON STOCK USD.0001,0.0002,2026-06-17,2026-06-21
MFEM,A029780,SAMSUNG CARD CO COMMON STOCK KRW5000.0,0.0002,2026-06-17,2026-06-21
MFEM,RATCH-F,RATCH GROUP PCL FOREIGN FOREIGN SH. THB10.0 A,0.0002,2026-06-17,2026-06-21
MFEM,656,FOSUN INTERNATIONAL LTD COMMON STOCK,0.0002,2026-06-17,2026-06-21
MFEM,AMRT,SUMBER ALFARIA TRIJAYA TBK P COMMON STOCK IDR10.0,0.0002,2026-06-17,2026-06-21
MFEM,2607,SHANGHAI PHARMACEUTICALS H COMMON STOCK CNY1.0,0.0002,2026-06-17,2026-06-21
MFEM,AXIATA,AXIATA GROUP BERHAD COMMON STOCK,0.0002,2026-06-17,2026-06-21
MFEM,SPP,SPAR GROUP LIMITED/THE COMMON STOCK,0.0002,2026-06-17,2026-06-21
MFEM,PETGAS,PETRONAS GAS BHD COMMON STOCK,0.0002,2026-06-17,2026-06-21
MFEM,600989,NINGXIA BAOFENG ENERGY GRO A COMMON STOCK CNY1.0,0.0002,2026-06-17,2026-06-21
MFEM,SISE,TURK SISE VE CAM FABRIKALARI COMMON STOCK TRY1.0,0.0002,2026-06-17,2026-06-21
MFEM,CMPC,EMPRESAS CMPC SA COMMON STOCK,0.0002,2026-06-17,2026-06-21
MFEM,LHC,LIFE HEALTHCARE GROUP HOLDIN COMMON STOCK ZAR.00000001,0.0002,2026-06-17,2026-06-21
MFEM,OFSS,ORACLE FINANCIAL SERVICES COMMON STOCK INR5.0,0.0002,2026-06-17,2026-06-21
MFEM,TLEVISA CPO,GRUPO TELEVISA SAB SER CPO UNIT,0.0002,2026-06-17,2026-06-21
MFEM,601577,BANK OF CHANGSHA CO LTD A COMMON STOCK CNY1.0,0.0002,2026-06-17,2026-06-21
MFEM,2105,CHENG SHIN RUBBER IND CO LTD COMMON STOCK TWD10.0,0.0002,2026-06-17,2026-06-21
MFEM,4013,DR SULAIMAN AL HABIB MEDICAL COMMON STOCK SAR10.0,0.0001,2026-06-17,2026-06-21
MFEM,IVL/F,INDORAMA VENTURES FOREIGN FOREIGN SH. THB1.0 A,0.0001,2026-06-17,2026-06-21
MFEM,ICBP,INDOFOOD CBP SUKSES MAKMUR T COMMON STOCK IDR50.0,0.0001,2026-06-17,2026-06-21
MFEM,JSW,JASTRZEBSKA SPOLKA WEGLOWA S COMMON STOCK PLN5.0,0.0001,2026-06-17,2026-06-21
MFEM,8464,NIEN MADE ENTERPRISE CO LTD COMMON STOCK TWD10.0,0.0001,2026-06-17,2026-06-21
MFEM,LU,LUFAX HOLDING LTD ADR ADR USD.00001,0.0001,2026-06-17,2026-06-21
MFEM,9945,RUENTEX DEVELOPMENT CO LTD COMMON STOCK TWD10.0,0.0001,2026-06-17,2026-06-21
MFEM,881,ZHONGSHENG GROUP HOLDINGS COMMON STOCK HKD.0001,0.0001,2026-06-17,2026-06-21
MFEM,ENELAM,ENEL AMERICAS SA COMMON STOCK,0.0001,2026-06-17,2026-06-21
MFEM,LTM,LTM LTD COMMON STOCK INR1.0,0.0001,2026-06-17,2026-06-21
MFEM,601933,YONGHUI SUPERSTORES CO LTD A COMMON STOCK CNY1.0,0.0001,2026-06-17,2026-06-21
MFEM,601360,360 SECURITY TECHNOLOGY IN A COMMON STOCK CNY1.0,0.0001,2026-06-17,2026-06-21
MFEM,002311,GUANGDONG HAID GROUP CO A COMMON STOCK CNY1.0,0.0001,2026-06-17,2026-06-21
MFEM,600039,SICHUAN ROAD+BRIDGE GROUP A COMMON STOCK CNY1.0,0.0001,2026-06-17,2026-06-21
MFEM,DSSA,DIAN SWASTATIKA SENTOSA TBK COMMON STOCK IDR1.0,0.0001,2026-06-17,2026-06-21
MFEM,ITAUCL,BANCO ITAU CHILE SA COMMON STOCK,0.0001,2026-06-17,2026-06-21
MFEM,DABUR,DABUR INDIA LTD COMMON STOCK INR1.0,0.0001,2026-06-17,2026-06-21
MFEM,MRL,CHENNAI PETROLEUM CORP LTD COMMON STOCK INR10.0,0.0001,2026-06-17,2026-06-21
MFEM,753,AIR CHINA LTD H COMMON STOCK CNY1.0,0.0001,2026-06-17,2026-06-21
MFEM,2290,YANBU NATIONAL PETROCHEMICAL COMMON STOCK SAR10.0,0.0001,2026-06-17,2026-06-21
MFEM,JPFA,JAPFA COMFEED INDONES TBK PT COMMON STOCK IDR200.0,0.0001,2026-06-17,2026-06-21
MFEM,601838,BANK OF CHENGDU CO LTD A COMMON STOCK CNY1.0,0.0001,2026-06-17,2026-06-21
MFEM,000895,HENAN SHUANGHUI INVESTMENT A COMMON STOCK CNY1.0,0.0001,2026-06-17,2026-06-21
MFEM,4164,NAHDI MEDICAL CO COMMON STOCK,0.0001,2026-06-17,2026-06-21
MFEM,KLK,KUALA LUMPUR KEPONG BHD COMMON STOCK,0.0001,2026-06-17,2026-06-21
MFEM,MER,MANILA ELECTRIC COMPANY COMMON STOCK PHP10.0,0.0001,2026-06-17,2026-06-21
MFEM,8210,BUPA ARABIA FOR COOPERATIVE COMMON STOCK SAR10.0,0.0001,2026-06-17,2026-06-21
MFEM,600426,SHANDONG HUALU HENGSHENG A COMMON STOCK CNY1.0,0.0001,2026-06-17,2026-06-21
MFEM,4321,ARABIAN CENTRES CO LTD COMMON STOCK SAR10.0,0.0001,2026-06-17,2026-06-21
MFEM,EXCL,XLSMART TELECOM SEJAHTERA TB COMMON STOCK IDR100.0,0.0001,2026-06-17,2026-06-21
MFEM,UTDPLT,UNITED PLANTATIONS BHD COMMON STOCK,0.0001,2026-06-17,2026-06-21
MFEM,FROTO,FORD OTOMOTIV SANAYI AS COMMON STOCK TRY1.0,0.0001,2026-06-17,2026-06-21
MFEM,PEP,PPB GROUP BERHAD COMMON STOCK,0.0001,2026-06-17,2026-06-21
MFEM,MARK,AL RAYAN BANK COMMON STOCK QAR1.0,0.0001,2026-06-17,2026-06-21
MFEM,1210,GREAT WALL ENTERPRISES COMMON STOCK TWD10.0,0.0001,2026-06-17,2026-06-21
MFEM,BRKM5,BRASKEM SA PREF A PREFERENCE,0.0001,2026-06-17,2026-06-21
MFEM,603288,FOSHAN HAITIAN FLAVOURING  A COMMON STOCK CNY1.0,0.0001,2026-06-17,2026-06-21
MFEM,KLBF,KALBE FARMA TBK PT COMMON STOCK IDR10.0,0.0001,2026-06-17,2026-06-21
MFEM,2196,SHANGHAI FOSUN PHARMACEUTI H COMMON STOCK CNY1.0,0.0001,2026-06-17,2026-06-21
MFEM,BBSE3,BB SEGURIDADE PARTICIPACOES COMMON STOCK,0.0001,2026-06-17,2026-06-21
MFEM,HMPRO-F,HOME PRODUCT CENTER PCL FOR FOREIGN SH. THB1.0 A,0.0001,2026-06-17,2026-06-21
MFEM,MBT,METROPOLITAN BANK + TRUST COMMON STOCK PHP20.0,0.0001,2026-06-17,2026-06-21
MFEM,2310,SAHARA INTERNATIONAL PETROCH COMMON STOCK SAR10.0,0.0001,2026-06-17,2026-06-21
MFEM,1958,BAIC MOTOR CORP LTD H COMMON STOCK CNY1.0,0.0001,2026-06-17,2026-06-21
MFEM,VEDPOWER,VEDANTA POWER LTD COMMON STOCK INR10.0,0.0001,2026-06-17,2026-06-21
MFEM,2633,TAIWAN HIGH SPEED RAIL CORP COMMON STOCK TWD10.0,0.0001,2026-06-17,2026-06-21
MFEM,300760,SHENZHEN MINDRAY BIO MEDIC A COMMON STOCK CNY1.0,0.0001,2026-06-17,2026-06-21
MFEM,6110,TOPSPORTS INTERNATIONAL HOLD COMMON STOCK HKD.000001,0.0001,2026-06-17,2026-06-21
MFEM,AADI,ADARO ANDALAN INDONESIA PT COMMON STOCK IDR3125.0,0.0001,2026-06-17,2026-06-21
MFEM,BDO,BDO UNIBANK INC COMMON STOCK PHP10.0,0.0001,2026-06-17,2026-06-21
MFEM,INCO,VALE INDONESIA TBK COMMON STOCK IDR25.0,0.0001,2026-06-17,2026-06-21
MFEM,MANAPPURAM,MANAPPURAM FINANCE LTD COMMON STOCK INR2.0,0.0001,2026-06-17,2026-06-21
MFEM,RCL-F,REGIONAL CONTAINER LINES FOR FOREIGN SH. THB1.0 A,0.0001,2026-06-17,2026-06-21
MFEM,347,ANGANG STEEL CO LTD H COMMON STOCK CNY1.0,0.0001,2026-06-17,2026-06-21
MFEM,CBQK,COMMERCIAL BANK PSQC COMMON STOCK QAR1.0,0.0001,2026-06-17,2026-06-21
MFEM,000069,SHENZHEN OVERSEAS CHINESE A COMMON STOCK CNY1.0,0.0001,2026-06-17,2026-06-21
MFEM,600383,GEMDALE CORP A COMMON STOCK CNY1.0,0.0001,2026-06-17,2026-06-21
MFEM,600998,JOINTOWN PHARMACEUTICAL A COMMON STOCK CNY1.0,0.0001,2026-06-17,2026-06-21
MFEM,7030,MOBILE TELECOMMUNICATIONS CO COMMON STOCK SAR10.0,0.0001,2026-06-17,2026-06-21
MFEM,600208,QUZHOU XIN AN DEVELOPMENT  A COMMON STOCK CNY1.0,0.0001,2026-06-17,2026-06-21
MFEM,VOGL,VEDANTA OIL AND GAS LTD COMMON STOCK INR1.0,0.0001,2026-06-17,2026-06-21
MFEM,IIFL,IIFL FINANCE LTD COMMON STOCK INR2.0,0.0001,2026-06-17,2026-06-21
MFEM,000876,NEW HOPE LIUHE CO LTD A COMMON STOCK CNY1.0,0.0001,2026-06-17,2026-06-21
MFEM,INKP,INDAH KIAT PULP + PAPER TBK COMMON STOCK IDR1000.0,0.0001,2026-06-17,2026-06-21
MFEM,INDF,INDOFOOD SUKSES MAKMUR TBK P COMMON STOCK IDR100.0,0.0001,2026-06-17,2026-06-21
MFEM,SAP,SAPPI LIMITED COMMON STOCK ZAR1.0,0.0001,2026-06-17,2026-06-21
MFEM,1313,CHINA RESOURCES BUILDING MAT COMMON STOCK HKD.1,0.0001,2026-06-17,2026-06-21
MFEM,VISL,VEDANTA IRON AND STEEL LTD COMMON STOCK INR1.0,0.0001,2026-06-17,2026-06-21
MFEM,BPI,BANK OF THE PHILIPPINE ISLAN COMMON STOCK PHP10.0,0.0001,2026-06-17,2026-06-21
