date,ticker,trackinsight_key,usd_flow,nav,perf_pct,cumulative_flow,daily_inflow,daily_outflow,flow_zscore,flow_5d,flow_20d,regime,pressure
2025-01-14,ASMG,ASMG,384000.0,15.35,0.0,384000.0,384000.0,0.0,0.0,384000.0,384000.0,BALANCED,12.0
2025-01-15,ASMG,ASMG,0.0,14.93,-0.0275,384000.0,0.0,0.0,0.0,384000.0,384000.0,BALANCED,10.0
2025-01-16,ASMG,ASMG,0.0,15.91,0.0656,384000.0,0.0,0.0,0.0,384000.0,384000.0,BALANCED,10.0
2025-01-17,ASMG,ASMG,0.0,16.15,0.0147,384000.0,0.0,0.0,0.0,384000.0,384000.0,BALANCED,10.0
2025-01-21,ASMG,ASMG,411000.0,16.42,0.0171,795000.0,411000.0,0.0,1.1563,795000.0,795000.0,BALANCED,40.9085
2025-01-22,ASMG,ASMG,0.0,16.58,0.0094,795000.0,0.0,0.0,-0.6449,411000.0,795000.0,BALANCED,-6.1235
2025-01-23,ASMG,ASMG,0.0,15.69,-0.0537,795000.0,0.0,0.0,-0.5851,411000.0,795000.0,BALANCED,-4.6267
2025-01-24,ASMG,ASMG,226000.0,15.08,-0.0386,1021000.0,226000.0,0.0,0.5345,637000.0,1021000.0,BALANCED,25.3618
2025-01-27,ASMG,ASMG,0.0,13.34,-0.1153,1021000.0,0.0,0.0,-0.6397,637000.0,1021000.0,BALANCED,-5.9915
2025-01-28,ASMG,ASMG,850000.0,13.07,-0.0203,1871000.0,850000.0,0.0,2.312,1076000.0,1871000.0,ACCUMULATION,69.7998
2025-01-29,ASMG,ASMG,0.0,14.19,0.0855,1871000.0,0.0,0.0,-0.6123,1076000.0,1871000.0,BALANCED,-5.3071
2025-01-30,ASMG,ASMG,-152000.0,15.15,0.068,1719000.0,0.0,-152000.0,-1.0518,924000.0,1719000.0,BALANCED,-18.2945
2025-01-31,ASMG,ASMG,457000.0,15.24,0.0059,2176000.0,457000.0,0.0,1.0252,1155000.0,2176000.0,BALANCED,37.6297
2025-02-03,ASMG,ASMG,0.0,14.89,-0.0233,2176000.0,0.0,0.0,-0.565,1155000.0,2176000.0,BALANCED,-4.1258
2025-02-04,ASMG,ASMG,0.0,14.9,0.0006,2176000.0,0.0,0.0,-0.5411,305000.0,2176000.0,BALANCED,-3.5276
2025-02-05,ASMG,ASMG,0.0,15.35,0.0305,2176000.0,0.0,0.0,-0.52,305000.0,2176000.0,BALANCED,-3.0004
2025-02-06,ASMG,ASMG,304000.0,15.2,-0.0099,2480000.0,304000.0,0.0,0.6165,761000.0,2480000.0,BALANCED,27.4121
2025-02-07,ASMG,ASMG,0.0,14.71,-0.032,2480000.0,0.0,0.0,-0.5485,304000.0,2480000.0,BALANCED,-3.7125
2025-02-10,ASMG,ASMG,307000.0,15.37,0.0446,2787000.0,307000.0,0.0,0.6486,611000.0,2787000.0,BALANCED,28.2145
2025-02-11,ASMG,ASMG,474000.0,15.8,0.0279,3261000.0,474000.0,0.0,1.2365,1085000.0,3261000.0,BALANCED,44.9128
2025-02-12,ASMG,ASMG,0.0,15.92,0.008,3261000.0,0.0,0.0,-0.627,1085000.0,2877000.0,BALANCED,-5.6743
2025-02-13,ASMG,ASMG,0.0,16.79,0.0546,3261000.0,0.0,0.0,-0.6076,781000.0,2877000.0,BALANCED,-5.1895
2025-02-14,ASMG,ASMG,235000.0,15.67,-0.0668,3496000.0,235000.0,0.0,0.3472,1016000.0,3112000.0,BALANCED,20.6806
2025-02-18,ASMG,ASMG,0.0,15.36,-0.0198,3496000.0,0.0,0.0,-0.6177,709000.0,3112000.0,BALANCED,-5.4416
2025-02-19,ASMG,ASMG,0.0,15.38,0.0012,3496000.0,0.0,0.0,-0.6009,235000.0,2701000.0,BALANCED,-5.0236
2025-02-20,ASMG,ASMG,0.0,15.3,-0.0049,3496000.0,0.0,0.0,-0.5855,235000.0,2701000.0,BALANCED,-4.6381
2025-02-21,ASMG,ASMG,301000.0,15.05,-0.0169,3797000.0,301000.0,0.0,0.7051,536000.0,3002000.0,BALANCED,29.6268
2025-02-24,ASMG,ASMG,0.0,14.99,-0.0037,3797000.0,0.0,0.0,-0.6033,301000.0,2776000.0,BALANCED,-5.0824
2025-02-25,ASMG,ASMG,0.0,14.75,-0.016,3797000.0,0.0,0.0,-0.5894,301000.0,2776000.0,BALANCED,-4.7339
2025-02-26,ASMG,ASMG,0.0,15.42,0.0455,3797000.0,0.0,0.0,-0.5764,301000.0,1926000.0,BALANCED,-4.4088
2025-02-27,ASMG,ASMG,468000.0,13.38,-0.1322,4265000.0,468000.0,0.0,1.5152,769000.0,2394000.0,ACCUMULATION,49.8791
2025-02-28,ASMG,ASMG,0.0,13.81,0.0323,4265000.0,0.0,0.0,-0.5788,468000.0,2546000.0,BALANCED,-4.4708
2025-03-03,ASMG,ASMG,0.0,13.44,-0.0271,4265000.0,0.0,0.0,-0.5788,468000.0,2089000.0,BALANCED,-4.4708
2025-03-04,ASMG,ASMG,0.0,13.76,0.0235,4265000.0,0.0,0.0,-0.5788,468000.0,2089000.0,BALANCED,-4.4708
2025-03-05,ASMG,ASMG,0.0,14.98,0.0887,4265000.0,0.0,0.0,-0.5302,468000.0,2089000.0,BALANCED,-3.2541
2025-03-06,ASMG,ASMG,209000.0,13.96,-0.0677,4474000.0,209000.0,0.0,0.3967,209000.0,2298000.0,BALANCED,21.9187
2025-03-07,ASMG,ASMG,219000.0,14.63,0.0476,4693000.0,219000.0,0.0,0.4103,428000.0,2213000.0,BALANCED,24.2563
2025-03-10,ASMG,ASMG,0.0,12.66,-0.1344,4693000.0,0.0,0.0,-0.5626,428000.0,2213000.0,BALANCED,-4.0641
2025-03-11,ASMG,ASMG,0.0,12.92,0.0204,4693000.0,0.0,0.0,-0.5626,428000.0,1906000.0,BALANCED,-4.0641
2025-03-12,ASMG,ASMG,0.0,13.41,0.0378,4693000.0,0.0,0.0,-0.5546,428000.0,1432000.0,BALANCED,-3.8646
2025-03-13,ASMG,ASMG,0.0,13.07,-0.0253,4693000.0,0.0,0.0,-0.5546,219000.0,1432000.0,BALANCED,-3.8646
2025-03-14,ASMG,ASMG,0.0,13.78,0.0548,4693000.0,0.0,0.0,-0.6037,0.0,1432000.0,BALANCED,-15.0937
2025-03-17,ASMG,ASMG,0.0,14.41,0.0454,4693000.0,0.0,0.0,-0.5576,0.0,1197000.0,BALANCED,-13.939
2025-03-18,ASMG,ASMG,0.0,14.43,0.0018,4693000.0,0.0,0.0,-0.5576,0.0,1197000.0,BALANCED,-13.939
2025-03-19,ASMG,ASMG,0.0,14.58,0.0101,4693000.0,0.0,0.0,-0.5576,0.0,1197000.0,BALANCED,-13.939
2025-03-20,ASMG,ASMG,0.0,14.54,-0.0026,4693000.0,0.0,0.0,-0.5576,0.0,1197000.0,BALANCED,-13.939
2025-03-21,ASMG,ASMG,138000.0,13.82,-0.0496,4831000.0,138000.0,0.0,0.4111,138000.0,1034000.0,BALANCED,22.2774
2025-03-24,ASMG,ASMG,0.0,14.26,0.0321,4831000.0,0.0,0.0,-0.5402,138000.0,1034000.0,BALANCED,-3.506
2025-03-25,ASMG,ASMG,0.0,14.21,-0.0034,4831000.0,0.0,0.0,-0.4899,138000.0,1034000.0,BALANCED,-2.2472
2025-03-26,ASMG,ASMG,0.0,13.39,-0.0581,4831000.0,0.0,0.0,-0.4493,138000.0,1034000.0,BALANCED,-1.2335
2025-03-27,ASMG,ASMG,0.0,12.81,-0.0432,4831000.0,0.0,0.0,-0.4493,138000.0,566000.0,BALANCED,-1.2335
2025-03-28,ASMG,ASMG,0.0,12.2,-0.0477,4831000.0,0.0,0.0,-0.4493,0.0,566000.0,BALANCED,-11.2335
2025-03-31,ASMG,ASMG,0.0,11.76,-0.0358,4831000.0,0.0,0.0,-0.3989,0.0,566000.0,BALANCED,-9.9725
2025-04-01,ASMG,ASMG,0.0,11.92,0.0138,4831000.0,0.0,0.0,-0.3989,0.0,566000.0,BALANCED,-9.9725
2025-04-02,ASMG,ASMG,0.0,11.98,0.0046,4831000.0,0.0,0.0,-0.3989,0.0,566000.0,BALANCED,-9.9725
2025-04-03,ASMG,ASMG,0.0,10.33,-0.1373,4831000.0,0.0,0.0,-0.3989,0.0,357000.0,BALANCED,-9.9725
2025-04-04,ASMG,ASMG,146000.0,9.74,-0.0578,4977000.0,146000.0,0.0,1.0408,146000.0,284000.0,BALANCED,38.0192
2025-04-07,ASMG,ASMG,0.0,10.06,0.0337,4977000.0,0.0,0.0,-0.3838,146000.0,284000.0,BALANCED,0.4054
2025-04-08,ASMG,ASMG,0.0,9.39,-0.067,4977000.0,0.0,0.0,-0.3838,146000.0,284000.0,BALANCED,0.4054
2025-04-09,ASMG,ASMG,0.0,12.28,0.3082,4977000.0,0.0,0.0,-0.3838,146000.0,284000.0,BALANCED,0.4054
2025-04-10,ASMG,ASMG,0.0,10.93,-0.1101,4977000.0,0.0,0.0,-0.3767,146000.0,284000.0,BALANCED,0.5821
2025-04-11,ASMG,ASMG,-405000.0,11.57,0.058,4572000.0,0.0,-405000.0,-4.1318,-405000.0,-121000.0,DISTRIBUTION,-100.0
2025-04-14,ASMG,ASMG,0.0,11.7,0.0117,4572000.0,0.0,0.0,-0.1018,-405000.0,-121000.0,BALANCED,-12.5457
2025-04-15,ASMG,ASMG,0.0,12.06,0.0302,4572000.0,0.0,0.0,-0.1018,-405000.0,-121000.0,BALANCED,-12.5457
2025-04-16,ASMG,ASMG,-724000.0,10.35,-0.1417,3848000.0,0.0,-724000.0,-4.2374,-1129000.0,-845000.0,DISTRIBUTION,-100.0
2025-04-17,ASMG,ASMG,0.0,10.5,0.0149,3848000.0,0.0,0.0,0.1286,-1129000.0,-845000.0,BALANCED,-6.7849
2025-04-21,ASMG,ASMG,0.0,9.99,-0.0487,3848000.0,0.0,0.0,0.1807,-724000.0,-983000.0,BALANCED,-5.483
2025-04-22,ASMG,ASMG,0.0,10.43,0.0444,3848000.0,0.0,0.0,0.1807,-724000.0,-983000.0,BALANCED,-5.483
2025-04-23,ASMG,ASMG,0.0,11.06,0.06,3848000.0,0.0,0.0,0.1807,-724000.0,-983000.0,BALANCED,-5.483
2025-04-24,ASMG,ASMG,0.0,11.63,0.0513,3848000.0,0.0,0.0,0.1807,0.0,-983000.0,BALANCED,4.517
2025-04-25,ASMG,ASMG,0.0,11.69,0.0057,3848000.0,0.0,0.0,0.1807,0.0,-983000.0,BALANCED,4.517
2025-04-28,ASMG,ASMG,-870000.0,11.6,-0.0077,2978000.0,0.0,-870000.0,-3.7162,-870000.0,-1853000.0,DISTRIBUTION,-100.0
2025-04-29,ASMG,ASMG,0.0,11.37,-0.0201,2978000.0,0.0,0.0,0.2614,-870000.0,-1853000.0,BALANCED,-3.466
2025-04-30,ASMG,ASMG,0.0,11.43,0.0056,2978000.0,0.0,0.0,0.2614,-870000.0,-1853000.0,BALANCED,-3.466
2025-05-01,ASMG,ASMG,0.0,11.38,-0.0044,2978000.0,0.0,0.0,0.2614,-870000.0,-1853000.0,BALANCED,-3.466
2025-05-02,ASMG,ASMG,0.0,12.18,0.0698,2978000.0,0.0,0.0,0.2614,-870000.0,-1853000.0,BALANCED,-3.466
2025-05-05,ASMG,ASMG,179000.0,11.93,-0.0206,3157000.0,179000.0,0.0,1.0667,179000.0,-1820000.0,BALANCED,38.6681
2025-05-06,ASMG,ASMG,0.0,11.81,-0.0102,3157000.0,0.0,0.0,0.2535,179000.0,-1820000.0,BALANCED,16.3376
2025-05-07,ASMG,ASMG,0.0,12.51,0.0597,3157000.0,0.0,0.0,0.2535,179000.0,-1820000.0,BALANCED,16.3376
2025-05-08,ASMG,ASMG,0.0,12.78,0.0215,3157000.0,0.0,0.0,0.2535,179000.0,-1820000.0,BALANCED,16.3376
2025-05-09,ASMG,ASMG,0.0,12.7,-0.0061,3157000.0,0.0,0.0,0.2535,179000.0,-1820000.0,BALANCED,16.3376
2025-05-12,ASMG,ASMG,0.0,14.28,0.1243,3157000.0,0.0,0.0,0.2535,0.0,-1415000.0,BALANCED,6.3376
2025-05-13,ASMG,ASMG,0.0,14.79,0.0362,3157000.0,0.0,0.0,0.2535,0.0,-1415000.0,BALANCED,6.3376
2025-05-14,ASMG,ASMG,0.0,14.98,0.0128,3157000.0,0.0,0.0,0.2535,0.0,-1415000.0,BALANCED,6.3376
2025-05-15,ASMG,ASMG,0.0,14.57,-0.0278,3157000.0,0.0,0.0,0.2535,0.0,-691000.0,BALANCED,6.3376
2025-05-16,ASMG,ASMG,0.0,14.16,-0.028,3157000.0,0.0,0.0,0.2535,0.0,-691000.0,BALANCED,6.3376
2025-05-19,ASMG,ASMG,142000.0,14.19,0.0024,3299000.0,142000.0,0.0,0.8997,142000.0,-549000.0,BALANCED,34.4936
2025-05-20,ASMG,ASMG,0.0,14.17,-0.0013,3299000.0,0.0,0.0,0.2543,142000.0,-549000.0,BALANCED,16.3564
2025-05-21,ASMG,ASMG,0.0,13.73,-0.0313,3299000.0,0.0,0.0,0.2543,142000.0,-549000.0,BALANCED,16.3564
2025-05-22,ASMG,ASMG,0.0,13.86,0.0092,3299000.0,0.0,0.0,0.2543,142000.0,-549000.0,BALANCED,16.3564
2025-05-23,ASMG,ASMG,0.0,13.53,-0.0235,3299000.0,0.0,0.0,0.2543,142000.0,-549000.0,BALANCED,16.3564
2025-05-27,ASMG,ASMG,0.0,14.43,0.066,3299000.0,0.0,0.0,0.202,0.0,321000.0,BALANCED,5.0509
2025-05-28,ASMG,ASMG,0.0,14.03,-0.0275,3299000.0,0.0,0.0,0.202,0.0,321000.0,BALANCED,5.0509
2025-05-29,ASMG,ASMG,0.0,14.05,0.0012,3299000.0,0.0,0.0,0.202,0.0,321000.0,BALANCED,5.0509
2025-05-30,ASMG,ASMG,0.0,13.65,-0.0282,3299000.0,0.0,0.0,0.1102,0.0,321000.0,BALANCED,2.7561
2025-06-02,ASMG,ASMG,0.0,14.0,0.0258,3299000.0,0.0,0.0,0.1102,0.0,321000.0,BALANCED,2.7561
2025-06-03,ASMG,ASMG,0.0,14.03,0.0016,3299000.0,0.0,0.0,0.1102,0.0,142000.0,BALANCED,2.7561
2025-06-04,ASMG,ASMG,0.0,13.85,-0.0123,3299000.0,0.0,0.0,0.1102,0.0,142000.0,BALANCED,2.7561
2025-06-05,ASMG,ASMG,0.0,14.03,0.0131,3299000.0,0.0,0.0,0.1102,0.0,142000.0,BALANCED,2.7561
2025-06-06,ASMG,ASMG,0.0,14.22,0.0131,3299000.0,0.0,0.0,0.1102,0.0,142000.0,BALANCED,2.7561
2025-06-09,ASMG,ASMG,0.0,14.86,0.0453,3299000.0,0.0,0.0,0.1102,0.0,142000.0,BALANCED,2.7561
2025-06-10,ASMG,ASMG,0.0,15.43,0.038,3299000.0,0.0,0.0,-0.2609,0.0,142000.0,BALANCED,-6.523
2025-06-11,ASMG,ASMG,0.0,15.39,-0.0025,3299000.0,0.0,0.0,-0.2609,0.0,142000.0,BALANCED,-6.523
2025-06-12,ASMG,ASMG,0.0,15.47,0.0051,3299000.0,0.0,0.0,-0.2609,0.0,142000.0,BALANCED,-6.523
2025-06-13,ASMG,ASMG,362000.0,14.46,-0.0651,3661000.0,362000.0,0.0,4.461,362000.0,504000.0,ACCUMULATION,100.0
2025-06-16,ASMG,ASMG,0.0,15.0,0.0371,3661000.0,0.0,0.0,-0.2994,362000.0,504000.0,BALANCED,2.5153
2025-06-17,ASMG,ASMG,0.0,14.4,-0.04,3661000.0,0.0,0.0,-0.2395,362000.0,362000.0,BALANCED,4.0135
2025-06-18,ASMG,ASMG,0.0,14.45,0.004,3661000.0,0.0,0.0,-0.2395,362000.0,362000.0,BALANCED,4.0135
2025-06-20,ASMG,ASMG,0.0,14.25,-0.0144,3661000.0,0.0,0.0,-0.2395,362000.0,362000.0,BALANCED,4.0135
2025-06-23,ASMG,ASMG,0.0,15.12,0.061,3661000.0,0.0,0.0,-0.2395,0.0,362000.0,BALANCED,-5.9865
2025-06-24,ASMG,ASMG,0.0,16.41,0.0859,3661000.0,0.0,0.0,-0.2395,0.0,362000.0,BALANCED,-5.9865
2025-06-25,ASMG,ASMG,0.0,16.49,0.0043,3661000.0,0.0,0.0,-0.2395,0.0,362000.0,BALANCED,-5.9865
2025-06-26,ASMG,ASMG,0.0,15.79,-0.0424,3661000.0,0.0,0.0,-0.2395,0.0,362000.0,BALANCED,-5.9865
2025-06-27,ASMG,ASMG,392000.0,15.69,-0.0063,4053000.0,392000.0,0.0,3.6979,392000.0,754000.0,ACCUMULATION,100.0
2025-06-30,ASMG,ASMG,0.0,15.9,0.0133,4053000.0,0.0,0.0,-0.305,392000.0,754000.0,BALANCED,2.3754
2025-07-01,ASMG,ASMG,0.0,15.46,-0.0275,4053000.0,0.0,0.0,-0.305,392000.0,754000.0,BALANCED,2.3754
2025-07-02,ASMG,ASMG,0.0,15.81,0.0227,4053000.0,0.0,0.0,-0.2625,392000.0,754000.0,BALANCED,3.4363
2025-07-03,ASMG,ASMG,78000.0,15.59,-0.014,4131000.0,78000.0,0.0,0.5232,470000.0,832000.0,BALANCED,25.0792
2025-07-07,ASMG,ASMG,0.0,15.21,-0.024,4131000.0,0.0,0.0,-0.2886,78000.0,832000.0,BALANCED,2.7839
2025-07-08,ASMG,ASMG,0.0,15.56,0.0226,4131000.0,0.0,0.0,-0.2886,78000.0,832000.0,BALANCED,2.7839
2025-07-09,ASMG,ASMG,0.0,15.78,0.0141,4131000.0,0.0,0.0,-0.2886,78000.0,832000.0,BALANCED,2.7839
2025-07-10,ASMG,ASMG,0.0,15.86,0.0053,4131000.0,0.0,0.0,-0.2886,78000.0,832000.0,BALANCED,2.7839
2025-07-11,ASMG,ASMG,79000.0,15.84,-0.0014,4210000.0,79000.0,0.0,0.5046,79000.0,911000.0,BALANCED,24.6153
2025-07-14,ASMG,ASMG,0.0,16.02,0.0117,4210000.0,0.0,0.0,-0.3151,79000.0,911000.0,BALANCED,2.123
2025-07-15,ASMG,ASMG,0.0,16.67,0.0401,4210000.0,0.0,0.0,-0.3151,79000.0,549000.0,BALANCED,2.123
2025-07-16,ASMG,ASMG,0.0,13.88,-0.167,4210000.0,0.0,0.0,-0.3151,79000.0,549000.0,BALANCED,2.123
2025-07-17,ASMG,ASMG,13185000.0,13.52,-0.0259,17395000.0,13185000.0,0.0,5.2904,13264000.0,13734000.0,ACCUMULATION,100.0
2025-07-18,ASMG,ASMG,8733000.0,13.13,-0.0289,26128000.0,8733000.0,0.0,2.8123,21918000.0,22467000.0,ACCUMULATION,84.3069
2025-07-21,ASMG,ASMG,11586000.0,12.59,-0.0411,37714000.0,11586000.0,0.0,3.0258,33504000.0,34053000.0,ACCUMULATION,91.6448
2025-07-22,ASMG,ASMG,1814000.0,12.09,-0.0398,39528000.0,1814000.0,0.0,0.176,35318000.0,35867000.0,BALANCED,22.4003
2025-07-23,ASMG,ASMG,936000.0,12.48,0.0321,40464000.0,936000.0,0.0,-0.0881,36254000.0,36803000.0,BALANCED,17.7979
2025-07-24,ASMG,ASMG,1914000.0,12.76,0.0223,42378000.0,1914000.0,0.0,0.1781,24983000.0,38717000.0,BALANCED,26.4535
2025-07-25,ASMG,ASMG,735000.0,12.26,-0.0392,43113000.0,735000.0,0.0,-0.1729,16985000.0,39452000.0,BALANCED,19.6778
2025-07-28,ASMG,ASMG,0.0,12.9,0.0523,43113000.0,0.0,0.0,-0.3875,5399000.0,39060000.0,BALANCED,0.3127
2025-07-29,ASMG,ASMG,-753000.0,12.55,-0.0268,42360000.0,0.0,-753000.0,-0.5936,2832000.0,38307000.0,BALANCED,-6.8395
2025-07-30,ASMG,ASMG,822000.0,12.65,0.0078,43182000.0,822000.0,0.0,-0.1442,2718000.0,39129000.0,BALANCED,8.3941
2025-07-31,ASMG,ASMG,-1112000.0,11.71,-0.0745,42070000.0,0.0,-1112000.0,-0.6924,-308000.0,38017000.0,BALANCED,-29.3101
2025-08-01,ASMG,ASMG,0.0,11.53,-0.0152,42070000.0,0.0,0.0,-0.3706,-1043000.0,37939000.0,BALANCED,-19.264
2025-08-04,ASMG,ASMG,0.0,11.85,0.0273,42070000.0,0.0,0.0,-0.3706,-1043000.0,37939000.0,BALANCED,-19.264
2025-08-05,ASMG,ASMG,0.0,11.51,-0.0282,42070000.0,0.0,0.0,-0.3706,-290000.0,37939000.0,BALANCED,-19.264
2025-08-06,ASMG,ASMG,809000.0,11.55,0.0035,42879000.0,809000.0,0.0,-0.1445,-303000.0,38748000.0,BALANCED,-11.6129
2025-08-07,ASMG,ASMG,-246000.0,12.29,0.0638,42633000.0,0.0,-246000.0,-0.4477,563000.0,38502000.0,BALANCED,-3.1917
2025-08-08,ASMG,ASMG,-1385000.0,12.59,0.0247,41248000.0,0.0,-1385000.0,-0.7583,-822000.0,37038000.0,BALANCED,-32.9585
2025-08-11,ASMG,ASMG,-314000.0,12.55,-0.0031,40934000.0,0.0,-314000.0,-0.4426,-1136000.0,36724000.0,BALANCED,-27.0654
2025-08-12,ASMG,ASMG,0.0,13.26,0.0564,40934000.0,0.0,0.0,-0.3526,-1136000.0,36724000.0,BALANCED,-18.8141
2025-08-13,ASMG,ASMG,-3575000.0,13.75,0.0367,37359000.0,0.0,-3575000.0,-1.3051,-5520000.0,33149000.0,BALANCED,-44.6273
2025-08-14,ASMG,ASMG,-4874000.0,13.73,-0.0014,32485000.0,0.0,-4874000.0,-1.553,-10148000.0,15090000.0,DISTRIBUTION,-52.825
2025-08-15,ASMG,ASMG,-1655000.0,13.24,-0.0355,30830000.0,0.0,-1655000.0,-0.674,-10418000.0,4702000.0,BALANCED,-32.8504
2025-08-18,ASMG,ASMG,-873000.0,13.43,0.0141,29957000.0,0.0,-873000.0,-0.4579,-10977000.0,-7757000.0,BALANCED,-29.4484
2025-08-19,ASMG,ASMG,0.0,13.28,-0.0109,29957000.0,0.0,0.0,-0.2274,-10977000.0,-9571000.0,BALANCED,-15.6841
2025-08-20,ASMG,ASMG,-4316000.0,13.49,0.0154,25641000.0,0.0,-4316000.0,-1.2904,-11718000.0,-14823000.0,BALANCED,-44.2597
2025-08-21,ASMG,ASMG,-1752000.0,12.97,-0.038,23889000.0,0.0,-1752000.0,-0.6142,-8596000.0,-18489000.0,BALANCED,-29.356
2025-08-22,ASMG,ASMG,-682000.0,13.65,0.052,23207000.0,0.0,-682000.0,-0.3346,-7623000.0,-19906000.0,BALANCED,-24.3648
2025-08-25,ASMG,ASMG,-1022000.0,13.63,-0.0016,22185000.0,0.0,-1022000.0,-0.4114,-7772000.0,-20928000.0,BALANCED,-28.2841
2025-08-26,ASMG,ASMG,0.0,13.94,0.0228,22185000.0,0.0,0.0,-0.152,-7772000.0,-20175000.0,BALANCED,-13.8009
2025-08-27,ASMG,ASMG,-993000.0,14.18,0.0174,21192000.0,0.0,-993000.0,-0.3947,-4449000.0,-21990000.0,BALANCED,-21.8667
2025-08-28,ASMG,ASMG,-1951000.0,13.94,-0.0174,19241000.0,0.0,-1951000.0,-0.6342,-4648000.0,-22829000.0,BALANCED,-29.8557
2025-08-29,ASMG,ASMG,-1711000.0,13.16,-0.0556,17530000.0,0.0,-1711000.0,-0.5215,-5677000.0,-24540000.0,BALANCED,-29.0384
2025-09-02,ASMG,ASMG,0.0,12.56,-0.0457,17530000.0,0.0,0.0,0.4301,-4655000.0,-24540000.0,BALANCED,0.7522
2025-09-03,ASMG,ASMG,-388000.0,12.93,0.0298,17142000.0,0.0,-388000.0,0.2398,-5043000.0,-24928000.0,BALANCED,-6.0047
2025-09-04,ASMG,ASMG,0.0,13.51,0.0447,17142000.0,0.0,0.0,0.53,-4050000.0,-25737000.0,BALANCED,3.2493
2025-09-05,ASMG,ASMG,0.0,14.51,0.074,17142000.0,0.0,0.0,0.6073,-2099000.0,-25491000.0,BALANCED,5.1828
2025-09-08,ASMG,ASMG,-301000.0,15.05,0.0369,16841000.0,0.0,-301000.0,0.4235,-689000.0,-24407000.0,BALANCED,-1.4124
2025-09-09,ASMG,ASMG,-384000.0,15.38,0.022,16457000.0,0.0,-384000.0,0.3736,-1073000.0,-24477000.0,BALANCED,-4.6592
2025-09-10,ASMG,ASMG,-2013000.0,14.91,-0.0302,14444000.0,0.0,-2013000.0,-0.7927,-2698000.0,-26490000.0,BALANCED,-35.8182
2025-09-11,ASMG,ASMG,-1456000.0,15.32,0.0274,12988000.0,0.0,-1456000.0,-0.3386,-4154000.0,-24371000.0,BALANCED,-26.4659
2025-09-12,ASMG,ASMG,0.0,15.68,0.0233,12988000.0,0.0,0.0,0.7235,-4154000.0,-19497000.0,BALANCED,8.0871
2025-09-15,ASMG,ASMG,0.0,17.73,0.131,12988000.0,0.0,0.0,0.7235,-3853000.0,-17842000.0,BALANCED,8.0871
2025-09-16,ASMG,ASMG,0.0,18.18,0.0253,12988000.0,0.0,0.0,0.7235,-3469000.0,-16969000.0,BALANCED,8.0871
2025-09-17,ASMG,ASMG,-2329000.0,17.92,-0.0144,10659000.0,0.0,-2329000.0,-0.9501,-3785000.0,-19298000.0,BALANCED,-35.7535
2025-09-18,ASMG,ASMG,-1212000.0,20.19,0.127,9447000.0,0.0,-1212000.0,-0.0749,-3541000.0,-16194000.0,BALANCED,-15.8725
2025-09-19,ASMG,ASMG,-611000.0,20.37,0.0085,8836000.0,0.0,-611000.0,0.3977,-4152000.0,-15053000.0,BALANCED,-6.0572
2025-09-22,ASMG,ASMG,0.0,21.48,0.0547,8836000.0,0.0,0.0,0.8239,-4152000.0,-14371000.0,BALANCED,10.5965
2025-09-23,ASMG,ASMG,0.0,21.73,0.0117,8836000.0,0.0,0.0,0.8112,-4152000.0,-13349000.0,BALANCED,10.2801
2025-09-24,ASMG,ASMG,0.0,20.98,-0.0347,8836000.0,0.0,0.0,0.8112,-1823000.0,-13349000.0,BALANCED,10.2801
2025-09-25,ASMG,ASMG,0.0,21.09,0.0052,8836000.0,0.0,0.0,0.7642,-611000.0,-12356000.0,BALANCED,9.1041
2025-09-26,ASMG,ASMG,0.0,21.16,0.0034,8836000.0,0.0,0.0,0.7801,0.0,-10405000.0,BALANCED,19.5025
2025-09-29,ASMG,ASMG,0.0,21.65,0.023,8836000.0,0.0,0.0,0.7282,0.0,-8694000.0,BALANCED,18.2058
2025-09-30,ASMG,ASMG,0.0,21.89,0.0111,8836000.0,0.0,0.0,0.6935,0.0,-8694000.0,BALANCED,17.3385
2025-10-01,ASMG,ASMG,0.0,23.47,0.0724,8836000.0,0.0,0.0,0.6935,0.0,-8306000.0,BALANCED,17.3385
2025-10-02,ASMG,ASMG,-742000.0,24.72,0.0533,8094000.0,0.0,-742000.0,-0.2088,-742000.0,-9048000.0,BALANCED,-17.2205
2025-10-03,ASMG,ASMG,-1984000.0,24.8,0.0032,6110000.0,0.0,-1984000.0,-1.8169,-2726000.0,-11032000.0,DISTRIBUTION,-59.4218
2025-10-06,ASMG,ASMG,0.0,25.33,0.0212,6110000.0,0.0,0.0,0.7371,-2726000.0,-10731000.0,BALANCED,8.4279
2025-10-07,ASMG,ASMG,0.0,23.33,-0.0788,6110000.0,0.0,0.0,0.6914,-2726000.0,-10347000.0,BALANCED,7.2838
2025-10-08,ASMG,ASMG,0.0,22.65,-0.0291,6110000.0,0.0,0.0,0.6914,-2726000.0,-8334000.0,BALANCED,7.2838
2025-10-09,ASMG,ASMG,0.0,22.31,-0.015,6110000.0,0.0,0.0,0.6478,-1984000.0,-6878000.0,BALANCED,6.1951
2025-10-10,ASMG,ASMG,0.0,20.28,-0.0912,6110000.0,0.0,0.0,0.5988,0.0,-6878000.0,BALANCED,14.9704
2025-10-13,ASMG,ASMG,0.0,22.37,0.1033,6110000.0,0.0,0.0,0.5485,0.0,-6878000.0,BALANCED,13.7131
2025-10-14,ASMG,ASMG,0.0,22.3,-0.0033,6110000.0,0.0,0.0,0.5485,0.0,-6878000.0,BALANCED,13.7131
2025-10-15,ASMG,ASMG,470000.0,23.5,0.0539,6580000.0,470000.0,0.0,1.156,470000.0,-4079000.0,BALANCED,40.8996
2025-10-16,ASMG,ASMG,-958000.0,23.95,0.0191,5622000.0,0.0,-958000.0,-0.8014,-488000.0,-3825000.0,BALANCED,-32.0342
2025-10-17,ASMG,ASMG,6825000.0,24.38,0.018,12447000.0,6825000.0,0.0,4.658,6337000.0,3611000.0,ACCUMULATION,100.0
2025-10-20,ASMG,ASMG,0.0,24.98,0.0248,12447000.0,0.0,0.0,0.0977,6337000.0,3611000.0,BALANCED,12.443
2025-10-21,ASMG,ASMG,-8206000.0,24.13,-0.0339,4241000.0,0.0,-8206000.0,-3.712,-1869000.0,-4595000.0,DISTRIBUTION,-100.0
2025-10-22,ASMG,ASMG,14792000.0,23.48,-0.0271,19033000.0,14792000.0,0.0,4.2318,12453000.0,10197000.0,ACCUMULATION,100.0
2025-10-23,ASMG,ASMG,0.0,24.63,0.0489,19033000.0,0.0,0.0,-0.0585,13411000.0,10197000.0,BALANCED,8.5382
2025-10-24,ASMG,ASMG,-16231000.0,24.41,-0.0089,2802000.0,0.0,-16231000.0,-3.4775,-9645000.0,-6034000.0,DISTRIBUTION,-98.938
2025-10-27,ASMG,ASMG,0.0,25.67,0.0518,2802000.0,0.0,0.0,0.0743,-9645000.0,-6034000.0,BALANCED,-8.1425
2025-10-28,ASMG,ASMG,-1012000.0,25.3,-0.0145,1790000.0,0.0,-1012000.0,-0.1397,-2451000.0,-7046000.0,BALANCED,-15.4935
2025-10-29,ASMG,ASMG,0.0,26.26,0.038,1790000.0,0.0,0.0,0.0649,-17243000.0,-7046000.0,BALANCED,-8.3779
2025-10-30,ASMG,ASMG,0.0,26.48,0.0083,1790000.0,0.0,0.0,0.0561,-17243000.0,-6304000.0,BALANCED,-8.5986
2025-10-31,ASMG,ASMG,-642000.0,25.67,-0.0305,1148000.0,0.0,-642000.0,-0.0847,-1654000.0,-4962000.0,BALANCED,-14.1179
2025-11-03,ASMG,ASMG,0.0,26.01,0.0134,1148000.0,0.0,0.0,0.0563,-1654000.0,-4962000.0,BALANCED,-8.593
2025-11-04,ASMG,ASMG,0.0,24.22,-0.069,1148000.0,0.0,0.0,0.0563,-642000.0,-4962000.0,BALANCED,-8.593
2025-11-05,ASMG,ASMG,0.0,24.85,0.0261,1148000.0,0.0,0.0,0.0563,-642000.0,-4962000.0,BALANCED,-8.593
2025-11-06,ASMG,ASMG,0.0,24.15,-0.0282,1148000.0,0.0,0.0,0.0563,-642000.0,-4962000.0,BALANCED,-8.593
2025-11-07,ASMG,ASMG,-471000.0,23.55,-0.0247,677000.0,0.0,-471000.0,-0.0437,-471000.0,-5433000.0,BALANCED,-13.0928
2025-11-10,ASMG,ASMG,0.0,24.56,0.0426,677000.0,0.0,0.0,0.0597,-471000.0,-5433000.0,BALANCED,-8.5067
2025-11-11,ASMG,ASMG,0.0,23.78,-0.0318,677000.0,0.0,0.0,0.0597,-471000.0,-5433000.0,BALANCED,-8.5067
2025-11-12,ASMG,ASMG,0.0,24.46,0.0288,677000.0,0.0,0.0,0.0597,-471000.0,-5903000.0,BALANCED,-8.5067
2025-11-13,ASMG,ASMG,0.0,23.63,-0.0339,677000.0,0.0,0.0,0.0543,-471000.0,-4945000.0,BALANCED,-8.6424
2025-11-14,ASMG,ASMG,0.0,23.01,-0.0261,677000.0,0.0,0.0,0.0399,0.0,-11770000.0,BALANCED,0.997
2025-11-17,ASMG,ASMG,0.0,23.6,0.0254,677000.0,0.0,0.0,0.0399,0.0,-11770000.0,BALANCED,0.997
2025-11-18,ASMG,ASMG,0.0,22.85,-0.0316,677000.0,0.0,0.0,0.0399,0.0,-3564000.0,BALANCED,0.997
2025-11-19,ASMG,ASMG,0.0,24.45,0.0697,677000.0,0.0,0.0,0.0399,0.0,-18356000.0,BALANCED,0.997
2025-11-20,ASMG,ASMG,0.0,21.67,-0.1134,677000.0,0.0,0.0,0.0399,0.0,-18356000.0,BALANCED,0.997
2025-11-21,ASMG,ASMG,-315000.0,21.01,-0.0304,362000.0,0.0,-315000.0,-0.0272,-315000.0,-2440000.0,BALANCED,-12.6794
2025-11-24,ASMG,ASMG,0.0,21.93,0.0437,362000.0,0.0,0.0,0.0422,-315000.0,-2440000.0,BALANCED,-8.9451
2025-11-25,ASMG,ASMG,0.0,22.61,0.0308,362000.0,0.0,0.0,0.0422,-315000.0,-1428000.0,BALANCED,-8.9451
2025-11-26,ASMG,ASMG,0.0,24.29,0.0746,362000.0,0.0,0.0,0.0457,-315000.0,-1428000.0,BALANCED,-8.8585
2025-11-28,ASMG,ASMG,-503000.0,25.16,0.0357,-141000.0,0.0,-503000.0,-0.0685,-818000.0,-1931000.0,BALANCED,-13.713
2025-12-01,ASMG,ASMG,0.0,26.48,0.0524,-141000.0,0.0,0.0,0.0967,-503000.0,-1289000.0,BALANCED,-7.5831
2025-12-02,ASMG,ASMG,0.0,27.48,0.0379,-141000.0,0.0,0.0,0.0967,-503000.0,-1289000.0,BALANCED,-7.5831
2025-12-03,ASMG,ASMG,1163000.0,29.07,0.0576,1022000.0,1163000.0,0.0,0.3105,660000.0,-126000.0,BALANCED,19.7635
2025-12-04,ASMG,ASMG,0.0,27.49,-0.0543,1022000.0,0.0,0.0,0.2021,660000.0,-126000.0,BALANCED,15.0517
2025-12-05,ASMG,ASMG,-269000.0,26.94,-0.02,753000.0,0.0,-269000.0,0.1146,894000.0,-395000.0,BALANCED,10.8651
2025-12-08,ASMG,ASMG,0.0,27.92,0.0365,753000.0,0.0,0.0,0.2026,894000.0,76000.0,BALANCED,15.0653
2025-12-09,ASMG,ASMG,963000.0,27.5,-0.0151,1716000.0,963000.0,0.0,2.5879,1857000.0,1039000.0,ACCUMULATION,76.6964
2025-12-10,ASMG,ASMG,-836000.0,27.88,0.0138,880000.0,0.0,-836000.0,-2.1667,-142000.0,203000.0,DISTRIBUTION,-66.1666
2025-12-11,ASMG,ASMG,0.0,28.05,0.006,880000.0,0.0,0.0,0.0816,-142000.0,203000.0,BALANCED,-7.9606
2025-12-12,ASMG,ASMG,0.0,25.92,-0.0759,880000.0,0.0,0.0,0.0816,127000.0,203000.0,BALANCED,12.0394
2025-12-15,ASMG,ASMG,0.0,26.25,0.0126,880000.0,0.0,0.0,0.0253,127000.0,203000.0,BALANCED,10.6319
2025-12-16,ASMG,ASMG,0.0,25.67,-0.0219,880000.0,0.0,0.0,0.0253,-836000.0,203000.0,BALANCED,-9.3681
2025-12-17,ASMG,ASMG,0.0,22.77,-0.113,880000.0,0.0,0.0,0.0253,0.0,203000.0,BALANCED,0.6319
2025-12-18,ASMG,ASMG,0.0,23.7,0.0408,880000.0,0.0,0.0,0.0253,0.0,203000.0,BALANCED,0.6319
2025-12-19,ASMG,ASMG,-983000.0,24.58,0.0371,-103000.0,0.0,-983000.0,-2.3792,-983000.0,-780000.0,DISTRIBUTION,-71.4796
2025-12-22,ASMG,ASMG,0.0,24.62,0.0015,-103000.0,0.0,0.0,0.0671,-983000.0,-465000.0,BALANCED,-8.3216
2025-12-23,ASMG,ASMG,0.0,24.84,0.0089,-103000.0,0.0,0.0,0.0671,-983000.0,-465000.0,BALANCED,-8.3216
2025-12-24,ASMG,ASMG,0.0,24.99,0.0064,-103000.0,0.0,0.0,0.0671,-983000.0,-465000.0,BALANCED,-8.3216
2025-12-26,ASMG,ASMG,0.0,25.31,0.0127,-103000.0,0.0,0.0,0.0671,-983000.0,-465000.0,BALANCED,-8.3216
2025-12-29,ASMG,ASMG,0.0,24.99,-0.0129,-103000.0,0.0,0.0,0.0671,0.0,38000.0,BALANCED,1.6784
2025-12-30,ASMG,ASMG,24894000.0,22.73,0.0112,24791000.0,24894000.0,0.0,5.2756,24894000.0,24932000.0,ACCUMULATION,100.0
2025-12-31,ASMG,ASMG,0.0,22.63,-0.0046,24791000.0,0.0,0.0,-0.176,24894000.0,24932000.0,BALANCED,5.5993
2026-01-02,ASMG,ASMG,-29072000.0,26.55,0.1732,-4281000.0,0.0,-29072000.0,-4.0623,-4178000.0,-5303000.0,DISTRIBUTION,-100.0
2026-01-05,ASMG,ASMG,0.0,29.44,0.1089,-4281000.0,0.0,0.0,0.0232,-4178000.0,-5303000.0,BALANCED,-9.4194
2026-01-06,ASMG,ASMG,0.0,30.1,0.0225,-4281000.0,0.0,0.0,0.0232,-4178000.0,-5034000.0,BALANCED,-9.4194
2026-01-07,ASMG,ASMG,736000.0,29.43,-0.0224,-3545000.0,736000.0,0.0,0.1217,-28336000.0,-4298000.0,BALANCED,-4.9575
2026-01-08,ASMG,ASMG,0.0,27.78,-0.0559,-3545000.0,0.0,0.0,0.0183,-28336000.0,-5261000.0,BALANCED,-9.5426
2026-01-09,ASMG,ASMG,0.0,31.46,0.1323,-3545000.0,0.0,0.0,0.0183,736000.0,-4425000.0,BALANCED,10.4574
2026-01-12,ASMG,ASMG,0.0,31.81,0.0112,-3545000.0,0.0,0.0,0.0183,736000.0,-4425000.0,BALANCED,10.4574
2026-01-13,ASMG,ASMG,2500000.0,31.25,-0.0176,-1045000.0,2500000.0,0.0,0.3547,3236000.0,-1925000.0,BALANCED,20.8672
2026-01-14,ASMG,ASMG,0.0,30.93,-0.0104,-1045000.0,0.0,0.0,0.0042,2500000.0,-1925000.0,BALANCED,10.1056
2026-01-15,ASMG,ASMG,0.0,34.24,0.1071,-1045000.0,0.0,0.0,0.0042,2500000.0,-1925000.0,BALANCED,10.1056
2026-01-16,ASMG,ASMG,1779000.0,35.59,0.0393,734000.0,1779000.0,0.0,0.2506,4279000.0,-146000.0,BALANCED,18.2645
2026-01-20,ASMG,ASMG,677000.0,33.87,-0.0481,1411000.0,677000.0,0.0,0.093,4956000.0,531000.0,BALANCED,16.3254
2026-01-21,ASMG,ASMG,0.0,35.6,0.051,1411000.0,0.0,0.0,-0.0031,2456000.0,1514000.0,BALANCED,9.9232
2026-01-22,ASMG,ASMG,7857000.0,37.41,0.0509,9268000.0,7857000.0,0.0,1.0402,10313000.0,9371000.0,BALANCED,38.0045
2026-01-23,ASMG,ASMG,0.0,37.06,-0.0094,9268000.0,0.0,0.0,-0.0346,10313000.0,9371000.0,BALANCED,9.1355
2026-01-26,ASMG,ASMG,0.0,38.35,0.0346,9268000.0,0.0,0.0,-0.0384,8534000.0,9371000.0,BALANCED,9.0394
2026-01-27,ASMG,ASMG,0.0,40.57,0.058,9268000.0,0.0,0.0,-0.0384,7857000.0,9371000.0,BALANCED,9.0394
2026-01-28,ASMG,ASMG,8533000.0,38.79,-0.044,17801000.0,8533000.0,0.0,1.0724,16390000.0,17904000.0,BALANCED,38.8107
2026-01-29,ASMG,ASMG,1419000.0,40.53,0.045,19220000.0,1419000.0,0.0,0.1087,9952000.0,-5571000.0,BALANCED,16.717
2026-01-30,ASMG,ASMG,774000.0,38.72,-0.0448,19994000.0,774000.0,0.0,0.0184,10726000.0,-4797000.0,BALANCED,16.4605
2026-02-02,ASMG,ASMG,-397000.0,39.7,0.0253,19597000.0,0.0,-397000.0,-0.1374,10329000.0,23878000.0,BALANCED,4.566
2026-02-03,ASMG,ASMG,-3346000.0,37.18,-0.0635,16251000.0,0.0,-3346000.0,-0.5167,6983000.0,20532000.0,BALANCED,-6.9181
2026-02-04,ASMG,ASMG,-2219000.0,34.14,-0.0816,14032000.0,0.0,-2219000.0,-0.3597,-3769000.0,18313000.0,BALANCED,-24.9925
2026-02-05,ASMG,ASMG,-694000.0,34.69,0.0161,13338000.0,0.0,-694000.0,-0.1526,-5882000.0,16883000.0,BALANCED,-21.8162
2026-02-06,ASMG,ASMG,-3220000.0,37.89,0.092,10118000.0,0.0,-3220000.0,-0.4741,-9876000.0,13663000.0,BALANCED,-31.8514
2026-02-09,ASMG,ASMG,0.0,38.76,0.023,10118000.0,0.0,0.0,-0.0454,-9479000.0,13663000.0,BALANCED,-11.134
2026-02-10,ASMG,ASMG,0.0,37.98,-0.0201,10118000.0,0.0,0.0,-0.0454,-6133000.0,13663000.0,BALANCED,-11.134
2026-02-11,ASMG,ASMG,0.0,39.15,0.0308,10118000.0,0.0,0.0,-0.0454,-3914000.0,11163000.0,BALANCED,-11.134
2026-02-12,ASMG,ASMG,564000.0,37.57,-0.0404,10682000.0,564000.0,0.0,0.175,-2656000.0,11727000.0,BALANCED,-3.6262
2026-02-13,ASMG,ASMG,-2251000.0,37.51,-0.0015,8431000.0,0.0,-2251000.0,-0.2881,-1687000.0,9476000.0,BALANCED,-19.203
2026-02-17,ASMG,ASMG,0.0,38.21,0.0184,8431000.0,0.0,0.0,-0.1726,-1687000.0,7697000.0,BALANCED,-14.3161
2026-02-18,ASMG,ASMG,0.0,40.83,0.0686,8431000.0,0.0,0.0,-0.1726,-1687000.0,7020000.0,BALANCED,-14.3161
2026-02-19,ASMG,ASMG,0.0,40.27,-0.0137,8431000.0,0.0,0.0,-0.1726,-1687000.0,7020000.0,BALANCED,-14.3161
2026-02-20,ASMG,ASMG,816000.0,40.82,0.0138,9247000.0,816000.0,0.0,0.1587,-1435000.0,-21000.0,BALANCED,-4.0323
2026-02-23,ASMG,ASMG,0.0,41.72,0.022,9247000.0,0.0,0.0,-0.1737,816000.0,-21000.0,BALANCED,5.6575
2026-02-24,ASMG,ASMG,636000.0,42.37,0.0156,9883000.0,636000.0,0.0,0.0768,1452000.0,615000.0,BALANCED,13.9195
2026-02-25,ASMG,ASMG,0.0,43.98,0.038,9883000.0,0.0,0.0,-0.1824,1452000.0,615000.0,BALANCED,5.4396
2026-02-26,ASMG,ASMG,0.0,40.35,-0.0824,9883000.0,0.0,0.0,-0.1503,1452000.0,-7918000.0,BALANCED,6.243
2026-02-27,ASMG,ASMG,0.0,39.6,-0.0187,9883000.0,0.0,0.0,-0.1503,636000.0,-9337000.0,BALANCED,6.243
2026-03-02,ASMG,ASMG,-572000.0,38.1,-0.0378,9311000.0,0.0,-572000.0,-0.3776,64000.0,-10683000.0,BALANCED,-1.4397
2026-03-03,ASMG,ASMG,0.0,34.74,-0.0882,9311000.0,0.0,0.0,-0.1184,-572000.0,-10286000.0,BALANCED,-12.9602
2026-03-04,ASMG,ASMG,917000.0,36.69,0.056,10228000.0,917000.0,0.0,0.2579,345000.0,-6023000.0,BALANCED,18.4468
2026-03-05,ASMG,ASMG,-701000.0,35.05,-0.0446,9527000.0,0.0,-701000.0,-0.401,-356000.0,-4505000.0,BALANCED,-22.0256
2026-03-06,ASMG,ASMG,-1090000.0,31.15,-0.1113,8437000.0,0.0,-1090000.0,-0.541,-1446000.0,-4901000.0,BALANCED,-27.5239
2026-03-09,ASMG,ASMG,0.0,34.25,0.0996,8437000.0,0.0,0.0,0.0141,-874000.0,-1681000.0,BALANCED,-9.6474
2026-03-10,ASMG,ASMG,0.0,35.55,0.038,8437000.0,0.0,0.0,0.0141,-874000.0,-1681000.0,BALANCED,-9.6474
2026-03-11,ASMG,ASMG,0.0,35.71,0.0044,8437000.0,0.0,0.0,0.0141,-1791000.0,-1681000.0,BALANCED,-9.6474
2026-03-12,ASMG,ASMG,0.0,33.9,-0.0509,8437000.0,0.0,0.0,0.2797,-1090000.0,-1681000.0,BALANCED,-3.008
2026-03-13,ASMG,ASMG,0.0,33.57,-0.0096,8437000.0,0.0,0.0,0.3362,0.0,-2245000.0,BALANCED,8.4041
2026-03-16,ASMG,ASMG,0.0,35.05,0.0441,8437000.0,0.0,0.0,0.3669,0.0,6000.0,BALANCED,9.1714
2026-03-17,ASMG,ASMG,0.0,35.73,0.0195,8437000.0,0.0,0.0,0.3535,0.0,6000.0,BALANCED,8.8366
2026-03-18,ASMG,ASMG,0.0,33.98,-0.0492,8437000.0,0.0,0.0,0.2922,0.0,6000.0,BALANCED,7.3052
2026-03-19,ASMG,ASMG,0.0,34.53,0.0163,8437000.0,0.0,0.0,0.2297,0.0,6000.0,BALANCED,5.7437
2026-03-20,ASMG,ASMG,0.0,32.02,-0.0728,8437000.0,0.0,0.0,0.2025,0.0,-810000.0,BALANCED,5.063
2026-03-23,ASMG,ASMG,0.0,34.55,0.0792,8437000.0,0.0,0.0,0.0994,0.0,-810000.0,BALANCED,2.4859
2026-03-24,ASMG,ASMG,1081000.0,36.04,0.0432,9518000.0,1081000.0,0.0,1.8333,1081000.0,-365000.0,ACCUMULATION,57.832
2026-03-25,ASMG,ASMG,536000.0,35.75,-0.0082,10054000.0,536000.0,0.0,0.8835,1617000.0,171000.0,BALANCED,36.0876
2026-03-26,ASMG,ASMG,0.0,32.44,-0.0926,10054000.0,0.0,0.0,0.0035,1617000.0,171000.0,BALANCED,10.0876
2026-03-27,ASMG,ASMG,0.0,31.09,-0.0415,10054000.0,0.0,0.0,0.0349,1617000.0,171000.0,BALANCED,10.8727
2026-03-30,ASMG,ASMG,0.0,28.77,-0.0747,10054000.0,0.0,0.0,-0.1267,1617000.0,743000.0,BALANCED,6.8321
2026-03-31,ASMG,ASMG,159000.0,31.82,0.1062,10213000.0,159000.0,0.0,0.2331,695000.0,902000.0,BALANCED,17.8283
2026-04-01,ASMG,ASMG,674000.0,33.69,0.0586,10887000.0,674000.0,0.0,1.3412,833000.0,659000.0,BALANCED,47.531
2026-04-02,ASMG,ASMG,315000.0,31.54,-0.0637,11202000.0,315000.0,0.0,0.5023,1148000.0,1675000.0,BALANCED,28.558
2026-04-06,ASMG,ASMG,309000.0,30.9,-0.0204,11511000.0,309000.0,0.0,0.5509,1457000.0,3074000.0,BALANCED,31.7725
2026-04-07,ASMG,ASMG,465000.0,31.01,0.0034,11976000.0,465000.0,0.0,0.8708,1922000.0,3539000.0,BALANCED,41.7704
2026-04-08,ASMG,ASMG,0.0,36.43,0.1751,11976000.0,0.0,0.0,-0.1672,1763000.0,3539000.0,BALANCED,5.8195
2026-04-09,ASMG,ASMG,568000.0,37.84,0.0385,12544000.0,568000.0,0.0,1.1232,1657000.0,4107000.0,BALANCED,40.0807
2026-04-10,ASMG,ASMG,0.0,39.35,0.04,12544000.0,0.0,0.0,-0.2079,1342000.0,4107000.0,BALANCED,4.8033
2026-04-13,ASMG,ASMG,810000.0,40.51,0.0293,13354000.0,810000.0,0.0,1.5564,1843000.0,4917000.0,ACCUMULATION,50.9098
2026-04-14,ASMG,ASMG,1037000.0,41.47,0.0238,14391000.0,1037000.0,0.0,1.898,2415000.0,5954000.0,ACCUMULATION,61.4497
2026-04-15,ASMG,ASMG,789000.0,39.47,-0.0484,15180000.0,789000.0,0.0,1.2636,3204000.0,6743000.0,BALANCED,47.589
2026-04-16,ASMG,ASMG,-713000.0,35.67,-0.0961,14467000.0,0.0,-713000.0,-1.7892,1923000.0,6030000.0,DISTRIBUTION,-36.7288
2026-04-17,ASMG,ASMG,1525000.0,38.12,0.0685,15992000.0,1525000.0,0.0,2.5493,3448000.0,7555000.0,ACCUMULATION,75.7326
2026-04-20,ASMG,ASMG,1169000.0,38.98,0.0226,17161000.0,1169000.0,0.0,1.8289,3807000.0,8724000.0,ACCUMULATION,59.7226
2026-04-21,ASMG,ASMG,0.0,38.04,-0.024,17161000.0,0.0,0.0,-0.6056,2770000.0,8724000.0,BALANCED,-5.1402
2026-04-22,ASMG,ASMG,-745000.0,37.23,-0.0213,16416000.0,0.0,-745000.0,-1.9675,1236000.0,6898000.0,DISTRIBUTION,-41.1885
2026-04-23,ASMG,ASMG,0.0,35.89,-0.0361,16416000.0,0.0,0.0,-0.5176,1949000.0,6362000.0,BALANCED,-2.9406
2026-04-24,ASMG,ASMG,0.0,37.88,0.0554,16416000.0,0.0,0.0,-0.5176,424000.0,6362000.0,BALANCED,-2.9406
2026-04-27,ASMG,ASMG,0.0,36.69,-0.0312,16416000.0,0.0,0.0,-0.5176,-745000.0,6362000.0,BALANCED,-22.9406
2026-04-28,ASMG,ASMG,0.0,34.23,-0.0672,16416000.0,0.0,0.0,-0.5176,-745000.0,6362000.0,BALANCED,-22.9406
2026-04-29,ASMG,ASMG,0.0,34.69,0.0134,16416000.0,0.0,0.0,-0.5176,0.0,6203000.0,BALANCED,-12.9406
2026-04-30,ASMG,ASMG,-5349000.0,36.89,0.0634,11067000.0,0.0,-5349000.0,-4.7395,-5349000.0,180000.0,DISTRIBUTION,-100.0
2026-05-01,ASMG,ASMG,-3443000.0,36.24,-0.0175,7624000.0,0.0,-3443000.0,-2.5957,-8792000.0,-3578000.0,DISTRIBUTION,-78.8925
2026-05-04,ASMG,ASMG,0.0,34.16,-0.0574,7624000.0,0.0,0.0,0.0206,-8792000.0,-3887000.0,BALANCED,-9.4852
2026-05-05,ASMG,ASMG,0.0,36.95,0.0815,7624000.0,0.0,0.0,0.0206,-8792000.0,-4352000.0,BALANCED,-9.4852
2026-05-06,ASMG,ASMG,843000.0,42.15,0.141,8467000.0,843000.0,0.0,0.6704,-7949000.0,-3509000.0,BALANCED,8.7592
2026-05-07,ASMG,ASMG,0.0,40.61,-0.0367,8467000.0,0.0,0.0,0.0405,-2600000.0,-4077000.0,BALANCED,-8.9869
2026-05-08,ASMG,ASMG,-1338000.0,44.61,0.0986,7129000.0,0.0,-1338000.0,-0.9354,-495000.0,-5415000.0,BALANCED,-35.3847
2026-05-11,ASMG,ASMG,0.0,43.13,-0.0332,7129000.0,0.0,0.0,0.0735,-495000.0,-6225000.0,BALANCED,-8.162
2026-05-12,ASMG,ASMG,0.0,40.65,-0.0576,7129000.0,0.0,0.0,0.0735,-495000.0,-7262000.0,BALANCED,-8.162
2026-05-13,ASMG,ASMG,0.0,43.87,0.0794,7129000.0,0.0,0.0,0.0776,-1338000.0,-8051000.0,BALANCED,-8.061
2026-05-14,ASMG,ASMG,0.0,44.02,0.0034,7129000.0,0.0,0.0,0.0951,-1338000.0,-7338000.0,BALANCED,-7.623
2026-05-15,ASMG,ASMG,0.0,39.39,-0.1052,7129000.0,0.0,0.0,0.1032,0.0,-8863000.0,BALANCED,2.5808
2026-05-18,ASMG,ASMG,0.0,37.83,-0.0395,7129000.0,0.0,0.0,0.1113,0.0,-10032000.0,BALANCED,2.7817
2026-05-19,ASMG,ASMG,0.0,37.16,-0.0179,7129000.0,0.0,0.0,0.1235,0.0,-10032000.0,BALANCED,3.088
2026-05-20,ASMG,ASMG,-1044000.0,41.76,0.1239,6085000.0,0.0,-1044000.0,-0.6434,-1044000.0,-10331000.0,BALANCED,-28.0851
2026-05-21,ASMG,ASMG,0.0,44.0,0.0537,6085000.0,0.0,0.0,0.1643,-1044000.0,-10331000.0,BALANCED,-5.8916
2026-05-22,ASMG,ASMG,-693000.0,46.21,0.0502,5392000.0,0.0,-693000.0,-0.3464,-1737000.0,-11024000.0,BALANCED,-20.6604
2026-05-26,ASMG,ASMG,-923000.0,46.15,-0.0014,4469000.0,0.0,-923000.0,-0.4812,-2660000.0,-11947000.0,BALANCED,-26.0298
2026-05-27,ASMG,ASMG,0.0,44.2,-0.0421,4469000.0,0.0,0.0,0.2585,-2660000.0,-11947000.0,BALANCED,-3.5385
2026-05-28,ASMG,ASMG,0.0,44.63,0.0096,4469000.0,0.0,0.0,0.2825,-1616000.0,-11947000.0,BALANCED,-2.9375
2026-05-29,ASMG,ASMG,675000.0,44.98,0.0078,5144000.0,675000.0,0.0,0.7727,-941000.0,-5923000.0,BALANCED,11.3182
2026-06-01,ASMG,ASMG,0.0,45.84,0.0193,5144000.0,0.0,0.0,0.2941,-248000.0,-2480000.0,BALANCED,-2.6479
2026-06-02,ASMG,ASMG,0.0,50.15,0.094,5144000.0,0.0,0.0,0.3345,675000.0,-2480000.0,BALANCED,18.3626
2026-06-03,ASMG,ASMG,0.0,51.37,0.0243,5144000.0,0.0,0.0,0.3345,675000.0,-2480000.0,BALANCED,18.3626
2026-06-04,ASMG,ASMG,0.0,53.2,0.0357,5144000.0,0.0,0.0,0.3137,675000.0,-3323000.0,BALANCED,17.8419
2026-06-05,ASMG,ASMG,-692000.0,46.16,-0.1324,4452000.0,0.0,-692000.0,-0.2449,-692000.0,-4015000.0,BALANCED,-18.1236
2026-06-08,ASMG,ASMG,0.0,52.18,0.1304,4452000.0,0.0,0.0,0.3332,-692000.0,-2677000.0,BALANCED,-1.6709
2026-06-09,ASMG,ASMG,0.0,53.87,0.0325,4452000.0,0.0,0.0,0.3332,-692000.0,-2677000.0,BALANCED,-1.6709
2026-06-10,ASMG,ASMG,0.0,51.22,-0.0493,4452000.0,0.0,0.0,0.3332,-692000.0,-2677000.0,BALANCED,-1.6709
2026-06-11,ASMG,ASMG,0.0,60.96,0.1902,4452000.0,0.0,0.0,0.3332,-692000.0,-2677000.0,BALANCED,-1.6709
2026-06-12,ASMG,ASMG,-586000.0,58.61,-0.0386,3866000.0,0.0,-586000.0,-0.4611,-586000.0,-3263000.0,BALANCED,-23.5272
2026-06-15,ASMG,ASMG,1208000.0,60.42,0.0309,5074000.0,1208000.0,0.0,2.5522,622000.0,-2055000.0,ACCUMULATION,75.8046
2026-06-16,ASMG,ASMG,0.0,54.74,-0.094,5074000.0,0.0,0.0,0.1678,622000.0,-2055000.0,BALANCED,14.1944
2026-06-17,ASMG,ASMG,1172000.0,58.6,0.0706,6246000.0,1172000.0,0.0,2.1899,1794000.0,-883000.0,ACCUMULATION,66.7464
2026-06-18,ASMG,ASMG,6553000.0,62.41,0.065,12799000.0,6553000.0,0.0,4.8497,8347000.0,6714000.0,ACCUMULATION,100.0
2026-06-22,ASMG,ASMG,624000.0,62.36,-0.0007,13423000.0,624000.0,0.0,0.3465,9557000.0,7338000.0,BALANCED,24.6632
2026-06-23,ASMG,ASMG,1841000.0,52.6,-0.1566,15264000.0,1841000.0,0.0,1.1832,10190000.0,9872000.0,BALANCED,47.5805
2026-06-24,ASMG,ASMG,0.0,51.65,-0.018,15264000.0,0.0,0.0,-0.2044,10190000.0,10795000.0,BALANCED,4.8904
2026-06-25,ASMG,ASMG,2247000.0,56.18,0.0876,17511000.0,2247000.0,0.0,1.384,11265000.0,13042000.0,BALANCED,46.5999
2026-06-26,ASMG,ASMG,0.0,53.29,-0.0515,17511000.0,0.0,0.0,-0.252,4712000.0,13042000.0,BALANCED,3.7011
2026-06-29,ASMG,ASMG,0.0,58.52,0.0983,17511000.0,0.0,0.0,-0.252,4088000.0,12367000.0,BALANCED,3.7011
2026-06-30,ASMG,ASMG,-7813000.0,65.11,0.1125,9698000.0,0.0,-7813000.0,-3.8972,-5566000.0,4554000.0,DISTRIBUTION,-100.0
2026-07-01,ASMG,ASMG,2775000.0,55.5,-0.1475,12473000.0,2775000.0,0.0,1.2454,-2791000.0,7329000.0,BALANCED,23.1345
2026-07-02,ASMG,ASMG,-1275000.0,51.0,-0.0812,11198000.0,0.0,-1275000.0,-0.6711,-6313000.0,6054000.0,BALANCED,-28.7782
2026-07-06,ASMG,ASMG,2168000.0,54.2,0.0627,13366000.0,2168000.0,0.0,0.9075,-4145000.0,8222000.0,BALANCED,14.6886
2026-07-07,ASMG,ASMG,0.0,49.56,-0.0855,13366000.0,0.0,0.0,-0.1144,-4145000.0,8914000.0,BALANCED,-12.8601
2026-07-08,ASMG,ASMG,-1523000.0,50.76,0.0241,11843000.0,0.0,-1523000.0,-0.8124,2145000.0,7391000.0,BALANCED,-12.3098
2026-07-09,ASMG,ASMG,1320000.0,52.78,0.0399,13163000.0,1320000.0,0.0,0.482,690000.0,8711000.0,BALANCED,24.0494
2026-07-10,ASMG,ASMG,-523000.0,52.33,-0.0085,12640000.0,0.0,-523000.0,-0.3713,1442000.0,8188000.0,BALANCED,-1.2829
2026-07-13,ASMG,ASMG,0.0,48.17,-0.0796,12640000.0,0.0,0.0,-0.1272,-726000.0,8188000.0,BALANCED,-13.1788
2026-07-14,ASMG,ASMG,0.0,50.92,0.0571,12640000.0,0.0,0.0,-0.1167,-726000.0,8774000.0,BALANCED,-12.9174
2026-07-15,ASMG,ASMG,798000.0,53.17,0.0442,13438000.0,798000.0,0.0,0.2434,1595000.0,8364000.0,BALANCED,18.0843
2026-07-16,ASMG,ASMG,0.0,51.37,-0.0339,13438000.0,0.0,0.0,-0.129,275000.0,8364000.0,BALANCED,6.7747
2026-07-17,ASMG,ASMG,-1721000.0,49.17,-0.0429,11717000.0,0.0,-1721000.0,-0.8927,-923000.0,5471000.0,BALANCED,-34.3163
2026-07-20,ASMG,ASMG,0.0,48.67,-0.0102,11717000.0,0.0,0.0,-0.1008,-923000.0,-1082000.0,BALANCED,-12.5202
2026-07-21,ASMG,ASMG,0.0,52.15,0.0715,11717000.0,0.0,0.0,-0.1117,-923000.0,-1706000.0,BALANCED,-12.7937
2026-07-22,ASMG,ASMG,0.0,52.15,0.0,11717000.0,0.0,0.0,-0.1117,-1721000.0,-3547000.0,BALANCED,-12.7937
2026-07-23,ASMG,ASMG,0.0,52.19,0.0009,11717000.0,0.0,0.0,-0.1117,-1721000.0,-3547000.0,BALANCED,-12.7937
2026-07-24,ASMG,ASMG,0.0,49.48,-0.0519,11717000.0,0.0,0.0,-0.1117,0.0,-5794000.0,BALANCED,-2.7937
2026-07-27,ASMG,ASMG,0.0,43.73,-0.1162,11717000.0,0.0,0.0,-0.1117,0.0,-5794000.0,BALANCED,-2.7937
2026-07-28,ASMG,ASMG,0.0,40.0,-0.0854,11717000.0,0.0,0.0,-0.121,0.0,-5794000.0,BALANCED,-3.0262
2026-07-29,ASMG,ASMG,0.0,38.36,-0.0411,11717000.0,0.0,0.0,-0.1028,0.0,2019000.0,BALANCED,-2.5688
2026-07-30,ASMG,ASMG,-1083000.0,43.31,0.1292,10634000.0,0.0,-1083000.0,-0.5851,-1083000.0,-1839000.0,BALANCED,-26.6266
2026-07-31,ASMG,ASMG,-842000.0,42.12,-0.0276,9792000.0,0.0,-842000.0,-0.443,-1925000.0,-1406000.0,BALANCED,-25.0753
2026-08-03,ASMG,ASMG,-1069000.0,42.77,0.0155,8723000.0,0.0,-1069000.0,-0.5175,-2994000.0,-4643000.0,BALANCED,-28.9367
2026-08-04,ASMG,ASMG,0.0,46.36,0.084,8723000.0,0.0,0.0,0.0871,-2994000.0,-4643000.0,BALANCED,-7.8214
2026-08-05,ASMG,ASMG,0.0,44.52,-0.0397,8723000.0,0.0,0.0,0.124,-2994000.0,-3120000.0,BALANCED,-6.8998
2026-08-06,ASMG,ASMG,0.0,45.89,0.0308,8723000.0,0.0,0.0,0.124,-1911000.0,-4440000.0,BALANCED,-6.8998
2026-08-07,ASMG,ASMG,-2152000.0,47.82,0.0419,6571000.0,0.0,-2152000.0,-1.0339,-3221000.0,-6069000.0,BALANCED,-37.847
2026-08-10,ASMG,ASMG,0.0,47.38,-0.009,6571000.0,0.0,0.0,0.2109,-2152000.0,-6069000.0,BALANCED,-4.7265
2026-08-11,ASMG,ASMG,0.0,50.97,0.0757,6571000.0,0.0,0.0,0.2109,-2152000.0,-6069000.0,BALANCED,-4.7265
2026-08-12,ASMG,ASMG,0.0,51.56,0.0115,6571000.0,0.0,0.0,0.1037,-2152000.0,-6867000.0,BALANCED,-7.4071
2026-08-13,ASMG,ASMG,-537000.0,53.69,0.0415,6034000.0,0.0,-537000.0,-0.3804,-2689000.0,-7404000.0,BALANCED,-21.511
2026-08-14,ASMG,ASMG,-534000.0,53.42,-0.0051,5500000.0,0.0,-534000.0,-0.4166,-1071000.0,-6217000.0,BALANCED,-24.4149
2026-08-17,ASMG,ASMG,1391000.0,55.66,0.042,6891000.0,1391000.0,0.0,2.1174,320000.0,-4826000.0,ACCUMULATION,64.9349
2026-08-18,ASMG,ASMG,18573000.0,50.88,-0.0858,25464000.0,18573000.0,0.0,5.1701,18893000.0,13747000.0,ACCUMULATION,100.0
2026-08-19,ASMG,ASMG,0.0,47.98,-0.0571,25464000.0,0.0,0.0,-0.1299,18893000.0,13747000.0,BALANCED,6.7537
2026-08-20,ASMG,ASMG,-17704000.0,47.85,-0.0027,7760000.0,0.0,-17704000.0,-3.6419,1726000.0,-3957000.0,DISTRIBUTION,-83.0464
2026-08-21,ASMG,ASMG,0.0,48.54,0.0144,7760000.0,0.0,0.0,0.0338,2260000.0,-3957000.0,BALANCED,10.8452
2026-08-24,ASMG,ASMG,0.0,47.22,-0.0271,7760000.0,0.0,0.0,0.0338,869000.0,-3957000.0,BALANCED,10.8452
2026-08-25,ASMG,ASMG,0.0,47.42,0.0043,7760000.0,0.0,0.0,0.0338,-17704000.0,-3957000.0,BALANCED,-9.1548
2026-08-26,ASMG,ASMG,0.0,47.49,0.0014,7760000.0,0.0,0.0,0.0394,-17704000.0,-3957000.0,BALANCED,-9.0159
2026-08-27,ASMG,ASMG,-703000.0,46.89,-0.0125,7057000.0,0.0,-703000.0,-0.102,-703000.0,-3577000.0,BALANCED,-14.5489
2026-08-28,ASMG,ASMG,0.0,44.75,-0.0458,7057000.0,0.0,0.0,0.0324,-703000.0,-2735000.0,BALANCED,-9.1911
2026-08-31,ASMG,ASMG,0.0,44.72,-0.0005,7057000.0,0.0,0.0,0.0324,-703000.0,-1666000.0,BALANCED,-9.1911
2026-09-01,ASMG,ASMG,0.0,43.08,-0.0367,7057000.0,0.0,0.0,0.0324,-703000.0,-1666000.0,BALANCED,-9.1911
2026-09-02,ASMG,ASMG,0.0,43.95,0.0202,7057000.0,0.0,0.0,0.0324,-703000.0,-1666000.0,BALANCED,-9.1911
2026-09-03,ASMG,ASMG,-1051000.0,42.04,-0.0434,6006000.0,0.0,-1051000.0,-0.1792,-1051000.0,-2717000.0,BALANCED,-16.4794
2026-09-04,ASMG,ASMG,0.0,45.49,0.082,6006000.0,0.0,0.0,0.0396,-1051000.0,-565000.0,BALANCED,-9.0092
2026-09-08,ASMG,ASMG,0.0,48.12,0.0579,6006000.0,0.0,0.0,0.0396,-1051000.0,-565000.0,BALANCED,-9.0092
2026-09-09,ASMG,ASMG,0.0,46.18,-0.0404,6006000.0,0.0,0.0,0.0396,-1051000.0,-565000.0,BALANCED,-9.0092
2026-09-10,ASMG,ASMG,0.0,43.92,-0.049,6006000.0,0.0,0.0,0.0396,-1051000.0,-565000.0,BALANCED,-9.0092
2026-09-11,ASMG,ASMG,0.0,44.44,0.0118,6006000.0,0.0,0.0,0.0321,0.0,-28000.0,BALANCED,0.8034
2026-09-14,ASMG,ASMG,0.0,37.98,-0.1453,6006000.0,0.0,0.0,0.0263,0.0,506000.0,BALANCED,0.6575
2026-09-15,ASMG,ASMG,581000.0,38.75,0.0203,6587000.0,581000.0,0.0,0.136,581000.0,-304000.0,BALANCED,15.399
2026-09-16,ASMG,ASMG,1178000.0,39.26,0.0131,7765000.0,1178000.0,0.0,0.2519,1759000.0,-17699000.0,BALANCED,20.2986
2026-09-17,ASMG,ASMG,0.0,40.59,0.0339,7765000.0,0.0,0.0,0.0066,1759000.0,-17699000.0,BALANCED,10.1662
2026-09-18,ASMG,ASMG,-430000.0,43.05,0.0605,7335000.0,0.0,-430000.0,-0.0799,1329000.0,-425000.0,BALANCED,6.0026
2026-09-21,ASMG,ASMG,0.0,44.64,0.037,7335000.0,0.0,0.0,-0.0053,1329000.0,-425000.0,BALANCED,9.867
2026-09-22,ASMG,ASMG,0.0,46.53,0.0424,7335000.0,0.0,0.0,-0.0053,748000.0,-425000.0,BALANCED,9.867
2026-09-23,ASMG,ASMG,0.0,46.34,-0.0041,7335000.0,0.0,0.0,-0.0053,-430000.0,-425000.0,BALANCED,-10.133
