date,ticker,trackinsight_key,usd_flow,nav,perf_pct,cumulative_flow,daily_inflow,daily_outflow,flow_zscore,flow_5d,flow_20d,regime,pressure,category,underlying,leverage
2025-02-20,NRGU,ARCX:NRGU,4165000.0,26.03,0.0,4165000.0,4165000.0,0.0,0.0,4165000.0,4165000.0,BALANCED,12.0,3. Sector Specific Leveraged (Bull),MicroSectors U.S. Big Oil Index,+3x
2025-02-21,NRGU,ARCX:NRGU,0.0,24.04,-0.0765,4165000.0,0.0,0.0,0.0,4165000.0,4165000.0,BALANCED,10.0,3. Sector Specific Leveraged (Bull),MicroSectors U.S. Big Oil Index,+3x
2025-02-24,NRGU,ARCX:NRGU,0.0,24.05,0.0005,4165000.0,0.0,0.0,0.0,4165000.0,4165000.0,BALANCED,10.0,3. Sector Specific Leveraged (Bull),MicroSectors U.S. Big Oil Index,+3x
2025-02-25,NRGU,ARCX:NRGU,0.0,23.02,-0.043,4165000.0,0.0,0.0,0.0,4165000.0,4165000.0,BALANCED,10.0,3. Sector Specific Leveraged (Bull),MicroSectors U.S. Big Oil Index,+3x
2025-02-26,NRGU,ARCX:NRGU,0.0,22.27,-0.0325,4165000.0,0.0,0.0,-0.4472,4165000.0,4165000.0,BALANCED,-1.1803,3. Sector Specific Leveraged (Bull),MicroSectors U.S. Big Oil Index,+3x
2025-02-27,NRGU,ARCX:NRGU,0.0,22.86,0.0268,4165000.0,0.0,0.0,-0.4082,0.0,4165000.0,BALANCED,-10.2062,3. Sector Specific Leveraged (Bull),MicroSectors U.S. Big Oil Index,+3x
2025-02-28,NRGU,ARCX:NRGU,0.0,23.47,0.0267,4165000.0,0.0,0.0,-0.378,0.0,4165000.0,BALANCED,-9.4491,3. Sector Specific Leveraged (Bull),MicroSectors U.S. Big Oil Index,+3x
2025-03-03,NRGU,ARCX:NRGU,0.0,20.52,-0.1258,4165000.0,0.0,0.0,-0.3536,0.0,4165000.0,BALANCED,-8.8388,3. Sector Specific Leveraged (Bull),MicroSectors U.S. Big Oil Index,+3x
2025-03-04,NRGU,ARCX:NRGU,0.0,19.9,-0.0302,4165000.0,0.0,0.0,-0.3333,0.0,4165000.0,BALANCED,-8.3333,3. Sector Specific Leveraged (Bull),MicroSectors U.S. Big Oil Index,+3x
2025-03-05,NRGU,ARCX:NRGU,0.0,18.62,-0.0645,4165000.0,0.0,0.0,-0.3162,0.0,4165000.0,BALANCED,-7.9057,3. Sector Specific Leveraged (Bull),MicroSectors U.S. Big Oil Index,+3x
2025-03-06,NRGU,ARCX:NRGU,0.0,19.27,0.0353,4165000.0,0.0,0.0,-0.3015,0.0,4165000.0,BALANCED,-7.5378,3. Sector Specific Leveraged (Bull),MicroSectors U.S. Big Oil Index,+3x
2025-03-07,NRGU,ARCX:NRGU,0.0,20.32,0.0543,4165000.0,0.0,0.0,-0.2887,0.0,4165000.0,BALANCED,-7.2169,3. Sector Specific Leveraged (Bull),MicroSectors U.S. Big Oil Index,+3x
2025-03-10,NRGU,ARCX:NRGU,0.0,20.72,0.0195,4165000.0,0.0,0.0,-0.2774,0.0,4165000.0,BALANCED,-6.9338,3. Sector Specific Leveraged (Bull),MicroSectors U.S. Big Oil Index,+3x
2025-03-11,NRGU,ARCX:NRGU,0.0,20.0,-0.0347,4165000.0,0.0,0.0,-0.2673,0.0,4165000.0,BALANCED,-6.6815,3. Sector Specific Leveraged (Bull),MicroSectors U.S. Big Oil Index,+3x
2025-03-12,NRGU,ARCX:NRGU,0.0,20.32,0.0161,4165000.0,0.0,0.0,-0.2582,0.0,4165000.0,BALANCED,-6.455,3. Sector Specific Leveraged (Bull),MicroSectors U.S. Big Oil Index,+3x
2025-03-13,NRGU,ARCX:NRGU,0.0,19.9,-0.0208,4165000.0,0.0,0.0,-0.25,0.0,4165000.0,BALANCED,-6.25,3. Sector Specific Leveraged (Bull),MicroSectors U.S. Big Oil Index,+3x
2025-03-14,NRGU,ARCX:NRGU,0.0,21.53,0.082,4165000.0,0.0,0.0,-0.2425,0.0,4165000.0,BALANCED,-6.0634,3. Sector Specific Leveraged (Bull),MicroSectors U.S. Big Oil Index,+3x
2025-03-17,NRGU,ARCX:NRGU,0.0,22.59,0.0492,4165000.0,0.0,0.0,-0.2357,0.0,4165000.0,BALANCED,-5.8926,3. Sector Specific Leveraged (Bull),MicroSectors U.S. Big Oil Index,+3x
2025-03-18,NRGU,ARCX:NRGU,0.0,22.85,0.0113,4165000.0,0.0,0.0,-0.2294,0.0,4165000.0,BALANCED,-5.7354,3. Sector Specific Leveraged (Bull),MicroSectors U.S. Big Oil Index,+3x
2025-03-19,NRGU,ARCX:NRGU,0.0,23.88,0.0451,4165000.0,0.0,0.0,-0.2236,0.0,4165000.0,BALANCED,-5.5902,3. Sector Specific Leveraged (Bull),MicroSectors U.S. Big Oil Index,+3x
2025-03-20,NRGU,ARCX:NRGU,0.0,24.21,0.0138,4165000.0,0.0,0.0,-0.2182,0.0,0.0,BALANCED,-5.4554,3. Sector Specific Leveraged (Bull),MicroSectors U.S. Big Oil Index,+3x
2025-03-21,NRGU,ARCX:NRGU,0.0,23.66,-0.0225,4165000.0,0.0,0.0,-0.2132,0.0,0.0,BALANCED,-5.33,3. Sector Specific Leveraged (Bull),MicroSectors U.S. Big Oil Index,+3x
2025-03-24,NRGU,ARCX:NRGU,0.0,24.04,0.0158,4165000.0,0.0,0.0,-0.2085,0.0,0.0,BALANCED,-5.2129,3. Sector Specific Leveraged (Bull),MicroSectors U.S. Big Oil Index,+3x
2025-03-25,NRGU,ARCX:NRGU,0.0,24.28,0.0104,4165000.0,0.0,0.0,-0.2041,0.0,0.0,BALANCED,-5.1031,3. Sector Specific Leveraged (Bull),MicroSectors U.S. Big Oil Index,+3x
2025-03-26,NRGU,ARCX:NRGU,0.0,25.13,0.0349,4165000.0,0.0,0.0,-0.2,0.0,0.0,BALANCED,-5.0,3. Sector Specific Leveraged (Bull),MicroSectors U.S. Big Oil Index,+3x
2025-03-27,NRGU,ARCX:NRGU,0.0,24.32,-0.0322,4165000.0,0.0,0.0,-0.1961,0.0,0.0,BALANCED,-4.9029,3. Sector Specific Leveraged (Bull),MicroSectors U.S. Big Oil Index,+3x
2025-03-28,NRGU,ARCX:NRGU,0.0,23.53,-0.0325,4165000.0,0.0,0.0,-0.1925,0.0,0.0,BALANCED,-4.8113,3. Sector Specific Leveraged (Bull),MicroSectors U.S. Big Oil Index,+3x
2025-03-31,NRGU,ARCX:NRGU,0.0,24.36,0.0354,4165000.0,0.0,0.0,-0.189,0.0,0.0,BALANCED,-4.7246,3. Sector Specific Leveraged (Bull),MicroSectors U.S. Big Oil Index,+3x
2025-04-01,NRGU,ARCX:NRGU,0.0,24.78,0.017,4165000.0,0.0,0.0,-0.1857,0.0,0.0,BALANCED,-4.6424,3. Sector Specific Leveraged (Bull),MicroSectors U.S. Big Oil Index,+3x
2025-04-02,NRGU,ARCX:NRGU,0.0,24.77,-0.0003,4165000.0,0.0,0.0,-0.1826,0.0,0.0,BALANCED,-4.5644,3. Sector Specific Leveraged (Bull),MicroSectors U.S. Big Oil Index,+3x
2025-04-03,NRGU,ARCX:NRGU,0.0,17.24,-0.3039,4165000.0,0.0,0.0,0.0,0.0,0.0,BALANCED,0.0,3. Sector Specific Leveraged (Bull),MicroSectors U.S. Big Oil Index,+3x
2025-04-04,NRGU,ARCX:NRGU,0.0,12.81,-0.2568,4165000.0,0.0,0.0,0.0,0.0,0.0,BALANCED,0.0,3. Sector Specific Leveraged (Bull),MicroSectors U.S. Big Oil Index,+3x
2025-04-07,NRGU,ARCX:NRGU,0.0,12.36,-0.0353,4165000.0,0.0,0.0,0.0,0.0,0.0,BALANCED,0.0,3. Sector Specific Leveraged (Bull),MicroSectors U.S. Big Oil Index,+3x
2025-04-08,NRGU,ARCX:NRGU,0.0,11.14,-0.0985,4165000.0,0.0,0.0,0.0,0.0,0.0,BALANCED,0.0,3. Sector Specific Leveraged (Bull),MicroSectors U.S. Big Oil Index,+3x
2025-04-09,NRGU,ARCX:NRGU,0.0,14.31,0.284,4165000.0,0.0,0.0,0.0,0.0,0.0,BALANCED,0.0,3. Sector Specific Leveraged (Bull),MicroSectors U.S. Big Oil Index,+3x
2025-04-10,NRGU,ARCX:NRGU,0.0,11.05,-0.2275,4165000.0,0.0,0.0,0.0,0.0,0.0,BALANCED,0.0,3. Sector Specific Leveraged (Bull),MicroSectors U.S. Big Oil Index,+3x
2025-04-11,NRGU,ARCX:NRGU,4020000.0,11.82,0.0697,8185000.0,4020000.0,0.0,5.2947,4020000.0,4020000.0,ACCUMULATION,100.0,3. Sector Specific Leveraged (Bull),MicroSectors U.S. Big Oil Index,+3x
2025-04-14,NRGU,ARCX:NRGU,0.0,11.8,-0.0019,8185000.0,0.0,0.0,-0.1826,4020000.0,4020000.0,BALANCED,5.4356,3. Sector Specific Leveraged (Bull),MicroSectors U.S. Big Oil Index,+3x
2025-04-15,NRGU,ARCX:NRGU,0.0,11.47,-0.0284,8185000.0,0.0,0.0,-0.1826,4020000.0,4020000.0,BALANCED,5.4356,3. Sector Specific Leveraged (Bull),MicroSectors U.S. Big Oil Index,+3x
2025-04-16,NRGU,ARCX:NRGU,0.0,11.81,0.0303,8185000.0,0.0,0.0,-0.1826,4020000.0,4020000.0,BALANCED,5.4356,3. Sector Specific Leveraged (Bull),MicroSectors U.S. Big Oil Index,+3x
2025-04-17,NRGU,ARCX:NRGU,0.0,12.81,0.0846,8185000.0,0.0,0.0,-0.1826,4020000.0,4020000.0,BALANCED,5.4356,3. Sector Specific Leveraged (Bull),MicroSectors U.S. Big Oil Index,+3x
2025-04-21,NRGU,ARCX:NRGU,0.0,12.03,-0.061,8185000.0,0.0,0.0,-0.1826,0.0,4020000.0,BALANCED,-4.5644,3. Sector Specific Leveraged (Bull),MicroSectors U.S. Big Oil Index,+3x
2025-04-22,NRGU,ARCX:NRGU,0.0,13.1,0.089,8185000.0,0.0,0.0,-0.1826,0.0,4020000.0,BALANCED,-4.5644,3. Sector Specific Leveraged (Bull),MicroSectors U.S. Big Oil Index,+3x
2025-04-23,NRGU,ARCX:NRGU,0.0,13.24,0.0105,8185000.0,0.0,0.0,-0.1826,0.0,4020000.0,BALANCED,-4.5644,3. Sector Specific Leveraged (Bull),MicroSectors U.S. Big Oil Index,+3x
2025-04-24,NRGU,ARCX:NRGU,0.0,13.77,0.0402,8185000.0,0.0,0.0,-0.1826,0.0,4020000.0,BALANCED,-4.5644,3. Sector Specific Leveraged (Bull),MicroSectors U.S. Big Oil Index,+3x
2025-04-25,NRGU,ARCX:NRGU,0.0,13.72,-0.0037,8185000.0,0.0,0.0,-0.1826,0.0,4020000.0,BALANCED,-4.5644,3. Sector Specific Leveraged (Bull),MicroSectors U.S. Big Oil Index,+3x
2025-04-28,NRGU,ARCX:NRGU,0.0,14.05,0.0241,8185000.0,0.0,0.0,-0.1826,0.0,4020000.0,BALANCED,-4.5644,3. Sector Specific Leveraged (Bull),MicroSectors U.S. Big Oil Index,+3x
2025-04-29,NRGU,ARCX:NRGU,0.0,13.89,-0.0118,8185000.0,0.0,0.0,-0.1826,0.0,4020000.0,BALANCED,-4.5644,3. Sector Specific Leveraged (Bull),MicroSectors U.S. Big Oil Index,+3x
2025-04-30,NRGU,ARCX:NRGU,0.0,13.03,-0.0616,8185000.0,0.0,0.0,-0.1826,0.0,4020000.0,BALANCED,-4.5644,3. Sector Specific Leveraged (Bull),MicroSectors U.S. Big Oil Index,+3x
2025-05-01,NRGU,ARCX:NRGU,0.0,13.29,0.0203,8185000.0,0.0,0.0,-0.1826,0.0,4020000.0,BALANCED,-4.5644,3. Sector Specific Leveraged (Bull),MicroSectors U.S. Big Oil Index,+3x
2025-05-02,NRGU,ARCX:NRGU,0.0,13.91,0.0466,8185000.0,0.0,0.0,-0.1826,0.0,4020000.0,BALANCED,-4.5644,3. Sector Specific Leveraged (Bull),MicroSectors U.S. Big Oil Index,+3x
2025-05-05,NRGU,ARCX:NRGU,0.0,13.11,-0.058,8185000.0,0.0,0.0,-0.1826,0.0,4020000.0,BALANCED,-4.5644,3. Sector Specific Leveraged (Bull),MicroSectors U.S. Big Oil Index,+3x
2025-05-06,NRGU,ARCX:NRGU,0.0,13.07,-0.0025,8185000.0,0.0,0.0,-0.1826,0.0,4020000.0,BALANCED,-4.5644,3. Sector Specific Leveraged (Bull),MicroSectors U.S. Big Oil Index,+3x
2025-05-07,NRGU,ARCX:NRGU,0.0,12.97,-0.0083,8185000.0,0.0,0.0,-0.1826,0.0,4020000.0,BALANCED,-4.5644,3. Sector Specific Leveraged (Bull),MicroSectors U.S. Big Oil Index,+3x
2025-05-08,NRGU,ARCX:NRGU,0.0,14.1,0.0872,8185000.0,0.0,0.0,-0.1826,0.0,4020000.0,BALANCED,-4.5644,3. Sector Specific Leveraged (Bull),MicroSectors U.S. Big Oil Index,+3x
2025-05-09,NRGU,ARCX:NRGU,0.0,14.52,0.0301,8185000.0,0.0,0.0,-0.1826,0.0,4020000.0,BALANCED,-4.5644,3. Sector Specific Leveraged (Bull),MicroSectors U.S. Big Oil Index,+3x
2025-05-12,NRGU,ARCX:NRGU,0.0,16.22,0.1172,8185000.0,0.0,0.0,-0.1826,0.0,0.0,BALANCED,-4.5644,3. Sector Specific Leveraged (Bull),MicroSectors U.S. Big Oil Index,+3x
2025-05-13,NRGU,ARCX:NRGU,0.0,17.29,0.0658,8185000.0,0.0,0.0,-0.1826,0.0,0.0,BALANCED,-4.5644,3. Sector Specific Leveraged (Bull),MicroSectors U.S. Big Oil Index,+3x
2025-05-14,NRGU,ARCX:NRGU,0.0,16.89,-0.023,8185000.0,0.0,0.0,-0.1826,0.0,0.0,BALANCED,-4.5644,3. Sector Specific Leveraged (Bull),MicroSectors U.S. Big Oil Index,+3x
2025-05-15,NRGU,ARCX:NRGU,0.0,16.98,0.0055,8185000.0,0.0,0.0,-0.1826,0.0,0.0,BALANCED,-4.5644,3. Sector Specific Leveraged (Bull),MicroSectors U.S. Big Oil Index,+3x
2025-05-16,NRGU,ARCX:NRGU,0.0,16.84,-0.0085,8185000.0,0.0,0.0,-0.1826,0.0,0.0,BALANCED,-4.5644,3. Sector Specific Leveraged (Bull),MicroSectors U.S. Big Oil Index,+3x
2025-05-19,NRGU,ARCX:NRGU,0.0,16.11,-0.0433,8185000.0,0.0,0.0,-0.1826,0.0,0.0,BALANCED,-4.5644,3. Sector Specific Leveraged (Bull),MicroSectors U.S. Big Oil Index,+3x
2025-05-20,NRGU,ARCX:NRGU,0.0,15.68,-0.0269,8185000.0,0.0,0.0,-0.1826,0.0,0.0,BALANCED,-4.5644,3. Sector Specific Leveraged (Bull),MicroSectors U.S. Big Oil Index,+3x
2025-05-21,NRGU,ARCX:NRGU,0.0,14.52,-0.0738,8185000.0,0.0,0.0,-0.1826,0.0,0.0,BALANCED,-4.5644,3. Sector Specific Leveraged (Bull),MicroSectors U.S. Big Oil Index,+3x
2025-05-22,NRGU,ARCX:NRGU,0.0,14.53,0.0004,8185000.0,0.0,0.0,-0.1826,0.0,0.0,BALANCED,-4.5644,3. Sector Specific Leveraged (Bull),MicroSectors U.S. Big Oil Index,+3x
2025-05-23,NRGU,ARCX:NRGU,0.0,14.53,0.0,8185000.0,0.0,0.0,-0.1826,0.0,0.0,BALANCED,-4.5644,3. Sector Specific Leveraged (Bull),MicroSectors U.S. Big Oil Index,+3x
2025-05-27,NRGU,ARCX:NRGU,0.0,14.98,0.031,8185000.0,0.0,0.0,0.0,0.0,0.0,BALANCED,0.0,3. Sector Specific Leveraged (Bull),MicroSectors U.S. Big Oil Index,+3x
2025-05-28,NRGU,ARCX:NRGU,0.0,14.32,-0.0435,8185000.0,0.0,0.0,0.0,0.0,0.0,BALANCED,0.0,3. Sector Specific Leveraged (Bull),MicroSectors U.S. Big Oil Index,+3x
2025-05-29,NRGU,ARCX:NRGU,0.0,14.78,0.0318,8185000.0,0.0,0.0,0.0,0.0,0.0,BALANCED,0.0,3. Sector Specific Leveraged (Bull),MicroSectors U.S. Big Oil Index,+3x
2025-05-30,NRGU,ARCX:NRGU,0.0,14.38,-0.0272,8185000.0,0.0,0.0,0.0,0.0,0.0,BALANCED,0.0,3. Sector Specific Leveraged (Bull),MicroSectors U.S. Big Oil Index,+3x
2025-06-02,NRGU,ARCX:NRGU,0.0,14.79,0.0283,8185000.0,0.0,0.0,0.0,0.0,0.0,BALANCED,0.0,3. Sector Specific Leveraged (Bull),MicroSectors U.S. Big Oil Index,+3x
2025-06-03,NRGU,ARCX:NRGU,0.0,15.59,0.0545,8185000.0,0.0,0.0,0.0,0.0,0.0,BALANCED,0.0,3. Sector Specific Leveraged (Bull),MicroSectors U.S. Big Oil Index,+3x
2025-06-04,NRGU,ARCX:NRGU,0.0,14.55,-0.0672,8185000.0,0.0,0.0,0.0,0.0,0.0,BALANCED,0.0,3. Sector Specific Leveraged (Bull),MicroSectors U.S. Big Oil Index,+3x
2025-06-05,NRGU,ARCX:NRGU,0.0,14.44,-0.0075,8185000.0,0.0,0.0,0.0,0.0,0.0,BALANCED,0.0,3. Sector Specific Leveraged (Bull),MicroSectors U.S. Big Oil Index,+3x
2025-06-06,NRGU,ARCX:NRGU,0.0,15.29,0.0591,8185000.0,0.0,0.0,0.0,0.0,0.0,BALANCED,0.0,3. Sector Specific Leveraged (Bull),MicroSectors U.S. Big Oil Index,+3x
2025-06-09,NRGU,ARCX:NRGU,0.0,15.6,0.0203,8185000.0,0.0,0.0,0.0,0.0,0.0,BALANCED,0.0,3. Sector Specific Leveraged (Bull),MicroSectors U.S. Big Oil Index,+3x
2025-06-10,NRGU,ARCX:NRGU,0.0,16.68,0.069,8185000.0,0.0,0.0,0.0,0.0,0.0,BALANCED,0.0,3. Sector Specific Leveraged (Bull),MicroSectors U.S. Big Oil Index,+3x
2025-06-11,NRGU,ARCX:NRGU,0.0,17.55,0.0523,8185000.0,0.0,0.0,0.0,0.0,0.0,BALANCED,0.0,3. Sector Specific Leveraged (Bull),MicroSectors U.S. Big Oil Index,+3x
2025-06-12,NRGU,ARCX:NRGU,0.0,17.71,0.0094,8185000.0,0.0,0.0,0.0,0.0,0.0,BALANCED,0.0,3. Sector Specific Leveraged (Bull),MicroSectors U.S. Big Oil Index,+3x
2025-06-13,NRGU,ARCX:NRGU,0.0,18.71,0.0562,8185000.0,0.0,0.0,0.0,0.0,0.0,BALANCED,0.0,3. Sector Specific Leveraged (Bull),MicroSectors U.S. Big Oil Index,+3x
2025-06-16,NRGU,ARCX:NRGU,0.0,18.45,-0.0138,8185000.0,0.0,0.0,0.0,0.0,0.0,BALANCED,0.0,3. Sector Specific Leveraged (Bull),MicroSectors U.S. Big Oil Index,+3x
2025-06-17,NRGU,ARCX:NRGU,0.0,19.28,0.0448,8185000.0,0.0,0.0,0.0,0.0,0.0,BALANCED,0.0,3. Sector Specific Leveraged (Bull),MicroSectors U.S. Big Oil Index,+3x
2025-06-18,NRGU,ARCX:NRGU,18605000.0,18.6,-0.0348,26790000.0,18605000.0,0.0,5.2947,18605000.0,18605000.0,ACCUMULATION,100.0,3. Sector Specific Leveraged (Bull),MicroSectors U.S. Big Oil Index,+3x
2025-06-20,NRGU,ARCX:NRGU,0.0,19.01,0.022,26790000.0,0.0,0.0,-0.1826,18605000.0,18605000.0,BALANCED,5.4356,3. Sector Specific Leveraged (Bull),MicroSectors U.S. Big Oil Index,+3x
2025-06-23,NRGU,ARCX:NRGU,0.0,17.38,-0.0858,26790000.0,0.0,0.0,-0.1826,18605000.0,18605000.0,BALANCED,5.4356,3. Sector Specific Leveraged (Bull),MicroSectors U.S. Big Oil Index,+3x
2025-06-24,NRGU,ARCX:NRGU,0.0,16.41,-0.0562,26790000.0,0.0,0.0,-0.1826,18605000.0,18605000.0,BALANCED,5.4356,3. Sector Specific Leveraged (Bull),MicroSectors U.S. Big Oil Index,+3x
2025-06-25,NRGU,ARCX:NRGU,0.0,16.28,-0.0079,26790000.0,0.0,0.0,-0.1826,18605000.0,18605000.0,BALANCED,5.4356,3. Sector Specific Leveraged (Bull),MicroSectors U.S. Big Oil Index,+3x
2025-06-26,NRGU,ARCX:NRGU,0.0,16.91,0.0391,26790000.0,0.0,0.0,-0.1826,0.0,18605000.0,BALANCED,-4.5644,3. Sector Specific Leveraged (Bull),MicroSectors U.S. Big Oil Index,+3x
2025-06-27,NRGU,ARCX:NRGU,0.0,16.51,-0.0239,26790000.0,0.0,0.0,-0.1826,0.0,18605000.0,BALANCED,-4.5644,3. Sector Specific Leveraged (Bull),MicroSectors U.S. Big Oil Index,+3x
2025-06-30,NRGU,ARCX:NRGU,0.0,16.12,-0.0234,26790000.0,0.0,0.0,-0.1826,0.0,18605000.0,BALANCED,-4.5644,3. Sector Specific Leveraged (Bull),MicroSectors U.S. Big Oil Index,+3x
2025-07-01,NRGU,ARCX:NRGU,0.0,17.13,0.0624,26790000.0,0.0,0.0,-0.1826,0.0,18605000.0,BALANCED,-4.5644,3. Sector Specific Leveraged (Bull),MicroSectors U.S. Big Oil Index,+3x
2025-07-02,NRGU,ARCX:NRGU,0.0,18.2,0.0629,26790000.0,0.0,0.0,-0.1826,0.0,18605000.0,BALANCED,-4.5644,3. Sector Specific Leveraged (Bull),MicroSectors U.S. Big Oil Index,+3x
2025-07-03,NRGU,ARCX:NRGU,0.0,18.35,0.0082,26790000.0,0.0,0.0,-0.1826,0.0,18605000.0,BALANCED,-4.5644,3. Sector Specific Leveraged (Bull),MicroSectors U.S. Big Oil Index,+3x
2025-07-07,NRGU,ARCX:NRGU,0.0,17.78,-0.0313,26790000.0,0.0,0.0,-0.1826,0.0,18605000.0,BALANCED,-4.5644,3. Sector Specific Leveraged (Bull),MicroSectors U.S. Big Oil Index,+3x
2025-07-08,NRGU,ARCX:NRGU,0.0,19.72,0.109,26790000.0,0.0,0.0,-0.1826,0.0,18605000.0,BALANCED,-4.5644,3. Sector Specific Leveraged (Bull),MicroSectors U.S. Big Oil Index,+3x
2025-07-09,NRGU,ARCX:NRGU,0.0,19.46,-0.0129,26790000.0,0.0,0.0,-0.1826,0.0,18605000.0,BALANCED,-4.5644,3. Sector Specific Leveraged (Bull),MicroSectors U.S. Big Oil Index,+3x
2025-07-10,NRGU,ARCX:NRGU,0.0,20.23,0.0393,26790000.0,0.0,0.0,-0.1826,0.0,18605000.0,BALANCED,-4.5644,3. Sector Specific Leveraged (Bull),MicroSectors U.S. Big Oil Index,+3x
2025-07-11,NRGU,ARCX:NRGU,0.0,20.22,-0.0005,26790000.0,0.0,0.0,-0.1826,0.0,18605000.0,BALANCED,-4.5644,3. Sector Specific Leveraged (Bull),MicroSectors U.S. Big Oil Index,+3x
2025-07-14,NRGU,ARCX:NRGU,0.0,19.02,-0.0594,26790000.0,0.0,0.0,-0.1826,0.0,18605000.0,BALANCED,-4.5644,3. Sector Specific Leveraged (Bull),MicroSectors U.S. Big Oil Index,+3x
2025-07-15,NRGU,ARCX:NRGU,0.0,18.17,-0.0443,26790000.0,0.0,0.0,-0.1826,0.0,18605000.0,BALANCED,-4.5644,3. Sector Specific Leveraged (Bull),MicroSectors U.S. Big Oil Index,+3x
2025-07-16,NRGU,ARCX:NRGU,0.0,17.38,-0.0438,26790000.0,0.0,0.0,-0.1826,0.0,18605000.0,BALANCED,-4.5644,3. Sector Specific Leveraged (Bull),MicroSectors U.S. Big Oil Index,+3x
2025-07-17,NRGU,ARCX:NRGU,0.0,17.99,0.0352,26790000.0,0.0,0.0,-0.1826,0.0,18605000.0,BALANCED,-4.5644,3. Sector Specific Leveraged (Bull),MicroSectors U.S. Big Oil Index,+3x
2025-07-18,NRGU,ARCX:NRGU,0.0,17.92,-0.0037,26790000.0,0.0,0.0,-0.1826,0.0,0.0,BALANCED,-4.5644,3. Sector Specific Leveraged (Bull),MicroSectors U.S. Big Oil Index,+3x
2025-07-21,NRGU,ARCX:NRGU,0.0,17.7,-0.0121,26790000.0,0.0,0.0,-0.1826,0.0,0.0,BALANCED,-4.5644,3. Sector Specific Leveraged (Bull),MicroSectors U.S. Big Oil Index,+3x
2025-07-22,NRGU,ARCX:NRGU,0.0,18.04,0.019,26790000.0,0.0,0.0,-0.1826,0.0,0.0,BALANCED,-4.5644,3. Sector Specific Leveraged (Bull),MicroSectors U.S. Big Oil Index,+3x
2025-07-23,NRGU,ARCX:NRGU,0.0,18.86,0.0454,26790000.0,0.0,0.0,-0.1826,0.0,0.0,BALANCED,-4.5644,3. Sector Specific Leveraged (Bull),MicroSectors U.S. Big Oil Index,+3x
2025-07-24,NRGU,ARCX:NRGU,0.0,18.51,-0.0187,26790000.0,0.0,0.0,-0.1826,0.0,0.0,BALANCED,-4.5644,3. Sector Specific Leveraged (Bull),MicroSectors U.S. Big Oil Index,+3x
2025-07-25,NRGU,ARCX:NRGU,0.0,18.37,-0.0074,26790000.0,0.0,0.0,-0.1826,0.0,0.0,BALANCED,-4.5644,3. Sector Specific Leveraged (Bull),MicroSectors U.S. Big Oil Index,+3x
2025-07-28,NRGU,ARCX:NRGU,0.0,19.59,0.0662,26790000.0,0.0,0.0,-0.1826,0.0,0.0,BALANCED,-4.5644,3. Sector Specific Leveraged (Bull),MicroSectors U.S. Big Oil Index,+3x
2025-07-29,NRGU,ARCX:NRGU,0.0,19.96,0.0189,26790000.0,0.0,0.0,-0.1826,0.0,0.0,BALANCED,-4.5644,3. Sector Specific Leveraged (Bull),MicroSectors U.S. Big Oil Index,+3x
2025-07-30,NRGU,ARCX:NRGU,0.0,18.76,-0.0602,26790000.0,0.0,0.0,-0.1826,0.0,0.0,BALANCED,-4.5644,3. Sector Specific Leveraged (Bull),MicroSectors U.S. Big Oil Index,+3x
2025-07-31,NRGU,ARCX:NRGU,0.0,18.19,-0.0301,26790000.0,0.0,0.0,-0.1826,0.0,0.0,BALANCED,-4.5644,3. Sector Specific Leveraged (Bull),MicroSectors U.S. Big Oil Index,+3x
2025-08-01,NRGU,ARCX:NRGU,0.0,16.93,-0.0692,26790000.0,0.0,0.0,0.0,0.0,0.0,BALANCED,0.0,3. Sector Specific Leveraged (Bull),MicroSectors U.S. Big Oil Index,+3x
2025-08-04,NRGU,ARCX:NRGU,0.0,17.0,0.0042,26790000.0,0.0,0.0,0.0,0.0,0.0,BALANCED,0.0,3. Sector Specific Leveraged (Bull),MicroSectors U.S. Big Oil Index,+3x
2025-08-05,NRGU,ARCX:NRGU,0.0,17.24,0.0136,26790000.0,0.0,0.0,0.0,0.0,0.0,BALANCED,0.0,3. Sector Specific Leveraged (Bull),MicroSectors U.S. Big Oil Index,+3x
2025-08-06,NRGU,ARCX:NRGU,0.0,16.63,-0.0354,26790000.0,0.0,0.0,0.0,0.0,0.0,BALANCED,0.0,3. Sector Specific Leveraged (Bull),MicroSectors U.S. Big Oil Index,+3x
2025-08-07,NRGU,ARCX:NRGU,0.0,16.46,-0.0097,26790000.0,0.0,0.0,0.0,0.0,0.0,BALANCED,0.0,3. Sector Specific Leveraged (Bull),MicroSectors U.S. Big Oil Index,+3x
2025-08-08,NRGU,ARCX:NRGU,0.0,16.88,0.0251,26790000.0,0.0,0.0,0.0,0.0,0.0,BALANCED,0.0,3. Sector Specific Leveraged (Bull),MicroSectors U.S. Big Oil Index,+3x
2025-08-11,NRGU,ARCX:NRGU,0.0,16.3,-0.0344,26790000.0,0.0,0.0,0.0,0.0,0.0,BALANCED,0.0,3. Sector Specific Leveraged (Bull),MicroSectors U.S. Big Oil Index,+3x
2025-08-12,NRGU,ARCX:NRGU,0.0,16.76,0.0283,26790000.0,0.0,0.0,0.0,0.0,0.0,BALANCED,0.0,3. Sector Specific Leveraged (Bull),MicroSectors U.S. Big Oil Index,+3x
2025-08-13,NRGU,ARCX:NRGU,0.0,17.45,0.0413,26790000.0,0.0,0.0,0.0,0.0,0.0,BALANCED,0.0,3. Sector Specific Leveraged (Bull),MicroSectors U.S. Big Oil Index,+3x
2025-08-14,NRGU,ARCX:NRGU,0.0,17.52,0.0043,26790000.0,0.0,0.0,0.0,0.0,0.0,BALANCED,0.0,3. Sector Specific Leveraged (Bull),MicroSectors U.S. Big Oil Index,+3x
2025-08-15,NRGU,ARCX:NRGU,0.0,17.5,-0.0012,26790000.0,0.0,0.0,0.0,0.0,0.0,BALANCED,0.0,3. Sector Specific Leveraged (Bull),MicroSectors U.S. Big Oil Index,+3x
2025-08-18,NRGU,ARCX:NRGU,0.0,17.26,-0.0138,26790000.0,0.0,0.0,0.0,0.0,0.0,BALANCED,0.0,3. Sector Specific Leveraged (Bull),MicroSectors U.S. Big Oil Index,+3x
2025-08-19,NRGU,ARCX:NRGU,0.0,17.27,0.0008,26790000.0,0.0,0.0,0.0,0.0,0.0,BALANCED,0.0,3. Sector Specific Leveraged (Bull),MicroSectors U.S. Big Oil Index,+3x
2025-08-20,NRGU,ARCX:NRGU,0.0,17.73,0.0262,26790000.0,0.0,0.0,0.0,0.0,0.0,BALANCED,0.0,3. Sector Specific Leveraged (Bull),MicroSectors U.S. Big Oil Index,+3x
2025-08-21,NRGU,ARCX:NRGU,0.0,17.89,0.0092,26790000.0,0.0,0.0,0.0,0.0,0.0,BALANCED,0.0,3. Sector Specific Leveraged (Bull),MicroSectors U.S. Big Oil Index,+3x
2025-08-22,NRGU,ARCX:NRGU,0.0,19.47,0.0881,26790000.0,0.0,0.0,0.0,0.0,0.0,BALANCED,0.0,3. Sector Specific Leveraged (Bull),MicroSectors U.S. Big Oil Index,+3x
2025-08-25,NRGU,ARCX:NRGU,0.0,19.93,0.0238,26790000.0,0.0,0.0,0.0,0.0,0.0,BALANCED,0.0,3. Sector Specific Leveraged (Bull),MicroSectors U.S. Big Oil Index,+3x
2025-08-26,NRGU,ARCX:NRGU,0.0,19.67,-0.0132,26790000.0,0.0,0.0,0.0,0.0,0.0,BALANCED,0.0,3. Sector Specific Leveraged (Bull),MicroSectors U.S. Big Oil Index,+3x
2025-08-27,NRGU,ARCX:NRGU,0.0,20.64,0.0496,26790000.0,0.0,0.0,0.0,0.0,0.0,BALANCED,0.0,3. Sector Specific Leveraged (Bull),MicroSectors U.S. Big Oil Index,+3x
2025-08-28,NRGU,ARCX:NRGU,0.0,21.08,0.0211,26790000.0,0.0,0.0,0.0,0.0,0.0,BALANCED,0.0,3. Sector Specific Leveraged (Bull),MicroSectors U.S. Big Oil Index,+3x
2025-08-29,NRGU,ARCX:NRGU,0.0,21.31,0.0111,26790000.0,0.0,0.0,0.0,0.0,0.0,BALANCED,0.0,3. Sector Specific Leveraged (Bull),MicroSectors U.S. Big Oil Index,+3x
2025-09-02,NRGU,ARCX:NRGU,0.0,21.72,0.0194,26790000.0,0.0,0.0,0.0,0.0,0.0,BALANCED,0.0,3. Sector Specific Leveraged (Bull),MicroSectors U.S. Big Oil Index,+3x
2025-09-03,NRGU,ARCX:NRGU,0.0,19.89,-0.0845,26790000.0,0.0,0.0,0.0,0.0,0.0,BALANCED,0.0,3. Sector Specific Leveraged (Bull),MicroSectors U.S. Big Oil Index,+3x
2025-09-04,NRGU,ARCX:NRGU,0.0,20.2,0.0155,26790000.0,0.0,0.0,0.0,0.0,0.0,BALANCED,0.0,3. Sector Specific Leveraged (Bull),MicroSectors U.S. Big Oil Index,+3x
2025-09-05,NRGU,ARCX:NRGU,0.0,19.2,-0.0493,26790000.0,0.0,0.0,0.0,0.0,0.0,BALANCED,0.0,3. Sector Specific Leveraged (Bull),MicroSectors U.S. Big Oil Index,+3x
2025-09-08,NRGU,ARCX:NRGU,0.0,18.96,-0.0125,26790000.0,0.0,0.0,0.0,0.0,0.0,BALANCED,0.0,3. Sector Specific Leveraged (Bull),MicroSectors U.S. Big Oil Index,+3x
2025-09-09,NRGU,ARCX:NRGU,0.0,19.27,0.0165,26790000.0,0.0,0.0,0.0,0.0,0.0,BALANCED,0.0,3. Sector Specific Leveraged (Bull),MicroSectors U.S. Big Oil Index,+3x
2025-09-10,NRGU,ARCX:NRGU,0.0,20.03,0.0393,26790000.0,0.0,0.0,0.0,0.0,0.0,BALANCED,0.0,3. Sector Specific Leveraged (Bull),MicroSectors U.S. Big Oil Index,+3x
2025-09-11,NRGU,ARCX:NRGU,0.0,19.9,-0.0064,26790000.0,0.0,0.0,0.0,0.0,0.0,BALANCED,0.0,3. Sector Specific Leveraged (Bull),MicroSectors U.S. Big Oil Index,+3x
2025-09-12,NRGU,ARCX:NRGU,0.0,19.26,-0.0325,26790000.0,0.0,0.0,0.0,0.0,0.0,BALANCED,0.0,3. Sector Specific Leveraged (Bull),MicroSectors U.S. Big Oil Index,+3x
2025-09-15,NRGU,ARCX:NRGU,0.0,19.02,-0.012,26790000.0,0.0,0.0,0.0,0.0,0.0,BALANCED,0.0,3. Sector Specific Leveraged (Bull),MicroSectors U.S. Big Oil Index,+3x
2025-09-16,NRGU,ARCX:NRGU,0.0,20.52,0.0787,26790000.0,0.0,0.0,0.0,0.0,0.0,BALANCED,0.0,3. Sector Specific Leveraged (Bull),MicroSectors U.S. Big Oil Index,+3x
2025-09-17,NRGU,ARCX:NRGU,0.0,20.67,0.0071,26790000.0,0.0,0.0,0.0,0.0,0.0,BALANCED,0.0,3. Sector Specific Leveraged (Bull),MicroSectors U.S. Big Oil Index,+3x
2025-09-18,NRGU,ARCX:NRGU,0.0,20.33,-0.0161,26790000.0,0.0,0.0,0.0,0.0,0.0,BALANCED,0.0,3. Sector Specific Leveraged (Bull),MicroSectors U.S. Big Oil Index,+3x
2025-09-19,NRGU,ARCX:NRGU,0.0,19.44,-0.044,26790000.0,0.0,0.0,0.0,0.0,0.0,BALANCED,0.0,3. Sector Specific Leveraged (Bull),MicroSectors U.S. Big Oil Index,+3x
2025-09-22,NRGU,ARCX:NRGU,0.0,19.42,-0.0007,26790000.0,0.0,0.0,0.0,0.0,0.0,BALANCED,0.0,3. Sector Specific Leveraged (Bull),MicroSectors U.S. Big Oil Index,+3x
2025-09-23,NRGU,ARCX:NRGU,0.0,20.4,0.0503,26790000.0,0.0,0.0,0.0,0.0,0.0,BALANCED,0.0,3. Sector Specific Leveraged (Bull),MicroSectors U.S. Big Oil Index,+3x
2025-09-24,NRGU,ARCX:NRGU,0.0,21.27,0.0426,26790000.0,0.0,0.0,0.0,0.0,0.0,BALANCED,0.0,3. Sector Specific Leveraged (Bull),MicroSectors U.S. Big Oil Index,+3x
2025-09-25,NRGU,ARCX:NRGU,0.0,22.02,0.0353,26790000.0,0.0,0.0,0.0,0.0,0.0,BALANCED,0.0,3. Sector Specific Leveraged (Bull),MicroSectors U.S. Big Oil Index,+3x
2025-09-26,NRGU,ARCX:NRGU,0.0,22.72,0.0317,26790000.0,0.0,0.0,0.0,0.0,0.0,BALANCED,0.0,3. Sector Specific Leveraged (Bull),MicroSectors U.S. Big Oil Index,+3x
2025-09-29,NRGU,ARCX:NRGU,0.0,21.24,-0.0649,26790000.0,0.0,0.0,0.0,0.0,0.0,BALANCED,0.0,3. Sector Specific Leveraged (Bull),MicroSectors U.S. Big Oil Index,+3x
2025-09-30,NRGU,ARCX:NRGU,0.0,20.48,-0.0359,26790000.0,0.0,0.0,0.0,0.0,0.0,BALANCED,0.0,3. Sector Specific Leveraged (Bull),MicroSectors U.S. Big Oil Index,+3x
2025-10-01,NRGU,ARCX:NRGU,0.0,20.36,-0.0057,26790000.0,0.0,0.0,0.0,0.0,0.0,BALANCED,0.0,3. Sector Specific Leveraged (Bull),MicroSectors U.S. Big Oil Index,+3x
2025-10-02,NRGU,ARCX:NRGU,0.0,19.35,-0.0499,26790000.0,0.0,0.0,0.0,0.0,0.0,BALANCED,0.0,3. Sector Specific Leveraged (Bull),MicroSectors U.S. Big Oil Index,+3x
2025-10-03,NRGU,ARCX:NRGU,0.0,19.58,0.012,26790000.0,0.0,0.0,0.0,0.0,0.0,BALANCED,0.0,3. Sector Specific Leveraged (Bull),MicroSectors U.S. Big Oil Index,+3x
2025-10-06,NRGU,ARCX:NRGU,0.0,19.98,0.0203,26790000.0,0.0,0.0,0.0,0.0,0.0,BALANCED,0.0,3. Sector Specific Leveraged (Bull),MicroSectors U.S. Big Oil Index,+3x
2025-10-07,NRGU,ARCX:NRGU,0.0,19.92,-0.0027,26790000.0,0.0,0.0,0.0,0.0,0.0,BALANCED,0.0,3. Sector Specific Leveraged (Bull),MicroSectors U.S. Big Oil Index,+3x
2025-10-08,NRGU,ARCX:NRGU,0.0,19.56,-0.018,26790000.0,0.0,0.0,0.0,0.0,0.0,BALANCED,0.0,3. Sector Specific Leveraged (Bull),MicroSectors U.S. Big Oil Index,+3x
2025-10-09,NRGU,ARCX:NRGU,0.0,18.94,-0.032,26790000.0,0.0,0.0,0.0,0.0,0.0,BALANCED,0.0,3. Sector Specific Leveraged (Bull),MicroSectors U.S. Big Oil Index,+3x
2025-10-10,NRGU,ARCX:NRGU,0.0,16.91,-0.107,26790000.0,0.0,0.0,0.0,0.0,0.0,BALANCED,0.0,3. Sector Specific Leveraged (Bull),MicroSectors U.S. Big Oil Index,+3x
2025-10-13,NRGU,ARCX:NRGU,0.0,17.76,0.05,26790000.0,0.0,0.0,0.0,0.0,0.0,BALANCED,0.0,3. Sector Specific Leveraged (Bull),MicroSectors U.S. Big Oil Index,+3x
2025-10-14,NRGU,ARCX:NRGU,0.0,17.66,-0.0057,26790000.0,0.0,0.0,0.0,0.0,0.0,BALANCED,0.0,3. Sector Specific Leveraged (Bull),MicroSectors U.S. Big Oil Index,+3x
2025-10-15,NRGU,ARCX:NRGU,0.0,17.42,-0.0131,26790000.0,0.0,0.0,0.0,0.0,0.0,BALANCED,0.0,3. Sector Specific Leveraged (Bull),MicroSectors U.S. Big Oil Index,+3x
2025-10-16,NRGU,ARCX:NRGU,0.0,16.68,-0.0429,26790000.0,0.0,0.0,0.0,0.0,0.0,BALANCED,0.0,3. Sector Specific Leveraged (Bull),MicroSectors U.S. Big Oil Index,+3x
2025-10-17,NRGU,ARCX:NRGU,0.0,16.85,0.0101,26790000.0,0.0,0.0,0.0,0.0,0.0,BALANCED,0.0,3. Sector Specific Leveraged (Bull),MicroSectors U.S. Big Oil Index,+3x
2025-10-20,NRGU,ARCX:NRGU,0.0,17.24,0.0232,26790000.0,0.0,0.0,0.0,0.0,0.0,BALANCED,0.0,3. Sector Specific Leveraged (Bull),MicroSectors U.S. Big Oil Index,+3x
2025-10-21,NRGU,ARCX:NRGU,0.0,16.92,-0.0182,26790000.0,0.0,0.0,0.0,0.0,0.0,BALANCED,0.0,3. Sector Specific Leveraged (Bull),MicroSectors U.S. Big Oil Index,+3x
2025-10-22,NRGU,ARCX:NRGU,0.0,17.71,0.0468,26790000.0,0.0,0.0,0.0,0.0,0.0,BALANCED,0.0,3. Sector Specific Leveraged (Bull),MicroSectors U.S. Big Oil Index,+3x
2025-10-23,NRGU,ARCX:NRGU,0.0,19.31,0.0901,26790000.0,0.0,0.0,0.0,0.0,0.0,BALANCED,0.0,3. Sector Specific Leveraged (Bull),MicroSectors U.S. Big Oil Index,+3x
2025-10-24,NRGU,ARCX:NRGU,0.0,18.72,-0.0307,26790000.0,0.0,0.0,0.0,0.0,0.0,BALANCED,0.0,3. Sector Specific Leveraged (Bull),MicroSectors U.S. Big Oil Index,+3x
2025-10-27,NRGU,ARCX:NRGU,0.0,18.82,0.0054,26790000.0,0.0,0.0,0.0,0.0,0.0,BALANCED,0.0,3. Sector Specific Leveraged (Bull),MicroSectors U.S. Big Oil Index,+3x
2025-10-28,NRGU,ARCX:NRGU,0.0,17.72,-0.0586,26790000.0,0.0,0.0,0.0,0.0,0.0,BALANCED,0.0,3. Sector Specific Leveraged (Bull),MicroSectors U.S. Big Oil Index,+3x
2025-10-29,NRGU,ARCX:NRGU,0.0,18.27,0.0315,26790000.0,0.0,0.0,0.0,0.0,0.0,BALANCED,0.0,3. Sector Specific Leveraged (Bull),MicroSectors U.S. Big Oil Index,+3x
2025-10-30,NRGU,ARCX:NRGU,0.0,17.99,-0.0153,26790000.0,0.0,0.0,0.0,0.0,0.0,BALANCED,0.0,3. Sector Specific Leveraged (Bull),MicroSectors U.S. Big Oil Index,+3x
2025-10-31,NRGU,ARCX:NRGU,0.0,18.26,0.0149,26790000.0,0.0,0.0,0.0,0.0,0.0,BALANCED,0.0,3. Sector Specific Leveraged (Bull),MicroSectors U.S. Big Oil Index,+3x
2025-11-03,NRGU,ARCX:NRGU,0.0,18.18,-0.0044,26790000.0,0.0,0.0,0.0,0.0,0.0,BALANCED,0.0,3. Sector Specific Leveraged (Bull),MicroSectors U.S. Big Oil Index,+3x
2025-11-04,NRGU,ARCX:NRGU,0.0,17.37,-0.0448,26790000.0,0.0,0.0,0.0,0.0,0.0,BALANCED,0.0,3. Sector Specific Leveraged (Bull),MicroSectors U.S. Big Oil Index,+3x
2025-11-05,NRGU,ARCX:NRGU,0.0,17.25,-0.0067,26790000.0,0.0,0.0,0.0,0.0,0.0,BALANCED,0.0,3. Sector Specific Leveraged (Bull),MicroSectors U.S. Big Oil Index,+3x
2025-11-06,NRGU,ARCX:NRGU,0.0,17.83,0.0336,26790000.0,0.0,0.0,0.0,0.0,0.0,BALANCED,0.0,3. Sector Specific Leveraged (Bull),MicroSectors U.S. Big Oil Index,+3x
2025-11-07,NRGU,ARCX:NRGU,0.0,18.54,0.0399,26790000.0,0.0,0.0,0.0,0.0,0.0,BALANCED,0.0,3. Sector Specific Leveraged (Bull),MicroSectors U.S. Big Oil Index,+3x
2025-11-10,NRGU,ARCX:NRGU,0.0,19.11,0.0304,26790000.0,0.0,0.0,0.0,0.0,0.0,BALANCED,0.0,3. Sector Specific Leveraged (Bull),MicroSectors U.S. Big Oil Index,+3x
2025-11-11,NRGU,ARCX:NRGU,0.0,20.12,0.0529,26790000.0,0.0,0.0,0.0,0.0,0.0,BALANCED,0.0,3. Sector Specific Leveraged (Bull),MicroSectors U.S. Big Oil Index,+3x
2025-11-12,NRGU,ARCX:NRGU,0.0,19.38,-0.0368,26790000.0,0.0,0.0,0.0,0.0,0.0,BALANCED,0.0,3. Sector Specific Leveraged (Bull),MicroSectors U.S. Big Oil Index,+3x
2025-11-13,NRGU,ARCX:NRGU,0.0,19.41,0.0017,26790000.0,0.0,0.0,0.0,0.0,0.0,BALANCED,0.0,3. Sector Specific Leveraged (Bull),MicroSectors U.S. Big Oil Index,+3x
2025-11-14,NRGU,ARCX:NRGU,0.0,20.64,0.0631,26790000.0,0.0,0.0,0.0,0.0,0.0,BALANCED,0.0,3. Sector Specific Leveraged (Bull),MicroSectors U.S. Big Oil Index,+3x
2025-11-17,NRGU,ARCX:NRGU,0.0,19.41,-0.0593,26790000.0,0.0,0.0,0.0,0.0,0.0,BALANCED,0.0,3. Sector Specific Leveraged (Bull),MicroSectors U.S. Big Oil Index,+3x
2025-11-18,NRGU,ARCX:NRGU,0.0,20.36,0.0489,26790000.0,0.0,0.0,0.0,0.0,0.0,BALANCED,0.0,3. Sector Specific Leveraged (Bull),MicroSectors U.S. Big Oil Index,+3x
2025-11-19,NRGU,ARCX:NRGU,0.0,19.2,-0.0569,26790000.0,0.0,0.0,0.0,0.0,0.0,BALANCED,0.0,3. Sector Specific Leveraged (Bull),MicroSectors U.S. Big Oil Index,+3x
2025-11-20,NRGU,ARCX:NRGU,0.0,18.27,-0.0488,26790000.0,0.0,0.0,0.0,0.0,0.0,BALANCED,0.0,3. Sector Specific Leveraged (Bull),MicroSectors U.S. Big Oil Index,+3x
2025-11-21,NRGU,ARCX:NRGU,0.0,18.62,0.0196,26790000.0,0.0,0.0,0.0,0.0,0.0,BALANCED,0.0,3. Sector Specific Leveraged (Bull),MicroSectors U.S. Big Oil Index,+3x
2025-11-24,NRGU,ARCX:NRGU,0.0,18.63,0.0002,26790000.0,0.0,0.0,0.0,0.0,0.0,BALANCED,0.0,3. Sector Specific Leveraged (Bull),MicroSectors U.S. Big Oil Index,+3x
2025-11-25,NRGU,ARCX:NRGU,0.0,18.37,-0.0141,26790000.0,0.0,0.0,0.0,0.0,0.0,BALANCED,0.0,3. Sector Specific Leveraged (Bull),MicroSectors U.S. Big Oil Index,+3x
2025-11-26,NRGU,ARCX:NRGU,0.0,18.74,0.0202,26790000.0,0.0,0.0,0.0,0.0,0.0,BALANCED,0.0,3. Sector Specific Leveraged (Bull),MicroSectors U.S. Big Oil Index,+3x
2025-11-28,NRGU,ARCX:NRGU,0.0,18.74,0.0001,26790000.0,0.0,0.0,0.0,0.0,0.0,BALANCED,0.0,3. Sector Specific Leveraged (Bull),MicroSectors U.S. Big Oil Index,+3x
2025-12-01,NRGU,ARCX:NRGU,0.0,20.45,0.0915,26790000.0,0.0,0.0,0.0,0.0,0.0,BALANCED,0.0,3. Sector Specific Leveraged (Bull),MicroSectors U.S. Big Oil Index,+3x
2025-12-02,NRGU,ARCX:NRGU,0.0,19.76,-0.0342,26790000.0,0.0,0.0,0.0,0.0,0.0,BALANCED,0.0,3. Sector Specific Leveraged (Bull),MicroSectors U.S. Big Oil Index,+3x
2025-12-03,NRGU,ARCX:NRGU,0.0,20.4,0.0325,26790000.0,0.0,0.0,0.0,0.0,0.0,BALANCED,0.0,3. Sector Specific Leveraged (Bull),MicroSectors U.S. Big Oil Index,+3x
2025-12-04,NRGU,ARCX:NRGU,0.0,20.52,0.0058,26790000.0,0.0,0.0,0.0,0.0,0.0,BALANCED,0.0,3. Sector Specific Leveraged (Bull),MicroSectors U.S. Big Oil Index,+3x
2025-12-05,NRGU,ARCX:NRGU,0.0,20.27,-0.0119,26790000.0,0.0,0.0,0.0,0.0,0.0,BALANCED,0.0,3. Sector Specific Leveraged (Bull),MicroSectors U.S. Big Oil Index,+3x
2025-12-08,NRGU,ARCX:NRGU,0.0,19.8,-0.0231,26790000.0,0.0,0.0,0.0,0.0,0.0,BALANCED,0.0,3. Sector Specific Leveraged (Bull),MicroSectors U.S. Big Oil Index,+3x
2025-12-09,NRGU,ARCX:NRGU,0.0,20.02,0.0109,26790000.0,0.0,0.0,0.0,0.0,0.0,BALANCED,0.0,3. Sector Specific Leveraged (Bull),MicroSectors U.S. Big Oil Index,+3x
2025-12-10,NRGU,ARCX:NRGU,0.0,21.05,0.0514,26790000.0,0.0,0.0,0.0,0.0,0.0,BALANCED,0.0,3. Sector Specific Leveraged (Bull),MicroSectors U.S. Big Oil Index,+3x
2025-12-11,NRGU,ARCX:NRGU,0.0,20.24,-0.0384,26790000.0,0.0,0.0,0.0,0.0,0.0,BALANCED,0.0,3. Sector Specific Leveraged (Bull),MicroSectors U.S. Big Oil Index,+3x
2025-12-12,NRGU,ARCX:NRGU,0.0,19.69,-0.027,26790000.0,0.0,0.0,0.0,0.0,0.0,BALANCED,0.0,3. Sector Specific Leveraged (Bull),MicroSectors U.S. Big Oil Index,+3x
2025-12-15,NRGU,ARCX:NRGU,0.0,19.01,-0.0348,26790000.0,0.0,0.0,0.0,0.0,0.0,BALANCED,0.0,3. Sector Specific Leveraged (Bull),MicroSectors U.S. Big Oil Index,+3x
2025-12-16,NRGU,ARCX:NRGU,0.0,16.92,-0.1101,26790000.0,0.0,0.0,0.0,0.0,0.0,BALANCED,0.0,3. Sector Specific Leveraged (Bull),MicroSectors U.S. Big Oil Index,+3x
2025-12-17,NRGU,ARCX:NRGU,0.0,18.13,0.072,26790000.0,0.0,0.0,0.0,0.0,0.0,BALANCED,0.0,3. Sector Specific Leveraged (Bull),MicroSectors U.S. Big Oil Index,+3x
2025-12-18,NRGU,ARCX:NRGU,0.0,16.84,-0.0714,26790000.0,0.0,0.0,0.0,0.0,0.0,BALANCED,0.0,3. Sector Specific Leveraged (Bull),MicroSectors U.S. Big Oil Index,+3x
2025-12-19,NRGU,ARCX:NRGU,0.0,16.83,-0.0003,26790000.0,0.0,0.0,0.0,0.0,0.0,BALANCED,0.0,3. Sector Specific Leveraged (Bull),MicroSectors U.S. Big Oil Index,+3x
2025-12-22,NRGU,ARCX:NRGU,0.0,17.21,0.0222,26790000.0,0.0,0.0,0.0,0.0,0.0,BALANCED,0.0,3. Sector Specific Leveraged (Bull),MicroSectors U.S. Big Oil Index,+3x
2025-12-23,NRGU,ARCX:NRGU,0.0,17.32,0.0067,26790000.0,0.0,0.0,0.0,0.0,0.0,BALANCED,0.0,3. Sector Specific Leveraged (Bull),MicroSectors U.S. Big Oil Index,+3x
2025-12-24,NRGU,ARCX:NRGU,0.0,17.1,-0.0127,26790000.0,0.0,0.0,0.0,0.0,0.0,BALANCED,0.0,3. Sector Specific Leveraged (Bull),MicroSectors U.S. Big Oil Index,+3x
2025-12-26,NRGU,ARCX:NRGU,0.0,16.81,-0.0175,26790000.0,0.0,0.0,0.0,0.0,0.0,BALANCED,0.0,3. Sector Specific Leveraged (Bull),MicroSectors U.S. Big Oil Index,+3x
2025-12-29,NRGU,ARCX:NRGU,0.0,17.31,0.0299,26790000.0,0.0,0.0,0.0,0.0,0.0,BALANCED,0.0,3. Sector Specific Leveraged (Bull),MicroSectors U.S. Big Oil Index,+3x
2025-12-30,NRGU,ARCX:NRGU,0.0,17.84,0.0307,26790000.0,0.0,0.0,0.0,0.0,0.0,BALANCED,0.0,3. Sector Specific Leveraged (Bull),MicroSectors U.S. Big Oil Index,+3x
2025-12-31,NRGU,ARCX:NRGU,0.0,17.5,-0.0188,26790000.0,0.0,0.0,0.0,0.0,0.0,BALANCED,0.0,3. Sector Specific Leveraged (Bull),MicroSectors U.S. Big Oil Index,+3x
2026-01-02,NRGU,ARCX:NRGU,0.0,18.62,0.0639,26790000.0,0.0,0.0,0.0,0.0,0.0,BALANCED,0.0,3. Sector Specific Leveraged (Bull),MicroSectors U.S. Big Oil Index,+3x
2026-01-05,NRGU,ARCX:NRGU,0.0,19.78,0.0622,26790000.0,0.0,0.0,0.0,0.0,0.0,BALANCED,0.0,3. Sector Specific Leveraged (Bull),MicroSectors U.S. Big Oil Index,+3x
2026-01-06,NRGU,ARCX:NRGU,0.0,18.59,-0.0601,26790000.0,0.0,0.0,0.0,0.0,0.0,BALANCED,0.0,3. Sector Specific Leveraged (Bull),MicroSectors U.S. Big Oil Index,+3x
2026-01-07,NRGU,ARCX:NRGU,0.0,17.94,-0.0349,26790000.0,0.0,0.0,0.0,0.0,0.0,BALANCED,0.0,3. Sector Specific Leveraged (Bull),MicroSectors U.S. Big Oil Index,+3x
2026-01-08,NRGU,ARCX:NRGU,0.0,20.13,0.1221,26790000.0,0.0,0.0,0.0,0.0,0.0,BALANCED,0.0,3. Sector Specific Leveraged (Bull),MicroSectors U.S. Big Oil Index,+3x
2026-01-09,NRGU,ARCX:NRGU,0.0,19.74,-0.0196,26790000.0,0.0,0.0,0.0,0.0,0.0,BALANCED,0.0,3. Sector Specific Leveraged (Bull),MicroSectors U.S. Big Oil Index,+3x
2026-01-12,NRGU,ARCX:NRGU,0.0,19.24,-0.0254,26790000.0,0.0,0.0,0.0,0.0,0.0,BALANCED,0.0,3. Sector Specific Leveraged (Bull),MicroSectors U.S. Big Oil Index,+3x
2026-01-13,NRGU,ARCX:NRGU,0.0,20.02,0.0407,26790000.0,0.0,0.0,0.0,0.0,0.0,BALANCED,0.0,3. Sector Specific Leveraged (Bull),MicroSectors U.S. Big Oil Index,+3x
2026-01-14,NRGU,ARCX:NRGU,0.0,21.61,0.0795,26790000.0,0.0,0.0,0.0,0.0,0.0,BALANCED,0.0,3. Sector Specific Leveraged (Bull),MicroSectors U.S. Big Oil Index,+3x
2026-01-15,NRGU,ARCX:NRGU,0.0,20.44,-0.054,26790000.0,0.0,0.0,0.0,0.0,0.0,BALANCED,0.0,3. Sector Specific Leveraged (Bull),MicroSectors U.S. Big Oil Index,+3x
2026-01-16,NRGU,ARCX:NRGU,0.0,20.05,-0.0192,26790000.0,0.0,0.0,0.0,0.0,0.0,BALANCED,0.0,3. Sector Specific Leveraged (Bull),MicroSectors U.S. Big Oil Index,+3x
2026-01-20,NRGU,ARCX:NRGU,0.0,19.79,-0.013,26790000.0,0.0,0.0,0.0,0.0,0.0,BALANCED,0.0,3. Sector Specific Leveraged (Bull),MicroSectors U.S. Big Oil Index,+3x
2026-01-21,NRGU,ARCX:NRGU,0.0,21.11,0.0664,26790000.0,0.0,0.0,0.0,0.0,0.0,BALANCED,0.0,3. Sector Specific Leveraged (Bull),MicroSectors U.S. Big Oil Index,+3x
2026-01-22,NRGU,ARCX:NRGU,0.0,20.82,-0.0134,26790000.0,0.0,0.0,0.0,0.0,0.0,BALANCED,0.0,3. Sector Specific Leveraged (Bull),MicroSectors U.S. Big Oil Index,+3x
2026-01-23,NRGU,ARCX:NRGU,0.0,21.38,0.0267,26790000.0,0.0,0.0,0.0,0.0,0.0,BALANCED,0.0,3. Sector Specific Leveraged (Bull),MicroSectors U.S. Big Oil Index,+3x
2026-01-26,NRGU,ARCX:NRGU,0.0,21.02,-0.0167,26790000.0,0.0,0.0,0.0,0.0,0.0,BALANCED,0.0,3. Sector Specific Leveraged (Bull),MicroSectors U.S. Big Oil Index,+3x
2026-01-27,NRGU,ARCX:NRGU,0.0,21.72,0.033,26790000.0,0.0,0.0,0.0,0.0,0.0,BALANCED,0.0,3. Sector Specific Leveraged (Bull),MicroSectors U.S. Big Oil Index,+3x
2026-01-28,NRGU,ARCX:NRGU,0.0,22.32,0.0276,26790000.0,0.0,0.0,0.0,0.0,0.0,BALANCED,0.0,3. Sector Specific Leveraged (Bull),MicroSectors U.S. Big Oil Index,+3x
2026-01-29,NRGU,ARCX:NRGU,0.0,23.06,0.0334,26790000.0,0.0,0.0,0.0,0.0,0.0,BALANCED,0.0,3. Sector Specific Leveraged (Bull),MicroSectors U.S. Big Oil Index,+3x
2026-01-30,NRGU,ARCX:NRGU,0.0,23.43,0.0161,26790000.0,0.0,0.0,0.0,0.0,0.0,BALANCED,0.0,3. Sector Specific Leveraged (Bull),MicroSectors U.S. Big Oil Index,+3x
2026-02-02,NRGU,ARCX:NRGU,0.0,22.18,-0.0536,26790000.0,0.0,0.0,0.0,0.0,0.0,BALANCED,0.0,3. Sector Specific Leveraged (Bull),MicroSectors U.S. Big Oil Index,+3x
2026-02-03,NRGU,ARCX:NRGU,0.0,24.56,0.1075,26790000.0,0.0,0.0,0.0,0.0,0.0,BALANCED,0.0,3. Sector Specific Leveraged (Bull),MicroSectors U.S. Big Oil Index,+3x
2026-02-04,NRGU,ARCX:NRGU,0.0,27.13,0.1045,26790000.0,0.0,0.0,0.0,0.0,0.0,BALANCED,0.0,3. Sector Specific Leveraged (Bull),MicroSectors U.S. Big Oil Index,+3x
2026-02-05,NRGU,ARCX:NRGU,0.0,25.97,-0.0426,26790000.0,0.0,0.0,0.0,0.0,0.0,BALANCED,0.0,3. Sector Specific Leveraged (Bull),MicroSectors U.S. Big Oil Index,+3x
2026-02-06,NRGU,ARCX:NRGU,0.0,27.66,0.065,26790000.0,0.0,0.0,0.0,0.0,0.0,BALANCED,0.0,3. Sector Specific Leveraged (Bull),MicroSectors U.S. Big Oil Index,+3x
2026-02-09,NRGU,ARCX:NRGU,0.0,27.87,0.0076,26790000.0,0.0,0.0,0.0,0.0,0.0,BALANCED,0.0,3. Sector Specific Leveraged (Bull),MicroSectors U.S. Big Oil Index,+3x
2026-02-10,NRGU,ARCX:NRGU,0.0,27.48,-0.0141,26790000.0,0.0,0.0,0.0,0.0,0.0,BALANCED,0.0,3. Sector Specific Leveraged (Bull),MicroSectors U.S. Big Oil Index,+3x
2026-02-11,NRGU,ARCX:NRGU,0.0,29.77,0.0834,26790000.0,0.0,0.0,0.0,0.0,0.0,BALANCED,0.0,3. Sector Specific Leveraged (Bull),MicroSectors U.S. Big Oil Index,+3x
2026-02-12,NRGU,ARCX:NRGU,0.0,27.58,-0.0734,26790000.0,0.0,0.0,0.0,0.0,0.0,BALANCED,0.0,3. Sector Specific Leveraged (Bull),MicroSectors U.S. Big Oil Index,+3x
2026-02-13,NRGU,ARCX:NRGU,0.0,28.61,0.0373,26790000.0,0.0,0.0,0.0,0.0,0.0,BALANCED,0.0,3. Sector Specific Leveraged (Bull),MicroSectors U.S. Big Oil Index,+3x
2026-02-17,NRGU,ARCX:NRGU,0.0,27.63,-0.0345,26790000.0,0.0,0.0,0.0,0.0,0.0,BALANCED,0.0,3. Sector Specific Leveraged (Bull),MicroSectors U.S. Big Oil Index,+3x
2026-02-18,NRGU,ARCX:NRGU,0.0,28.98,0.0491,26790000.0,0.0,0.0,0.0,0.0,0.0,BALANCED,0.0,3. Sector Specific Leveraged (Bull),MicroSectors U.S. Big Oil Index,+3x
2026-02-19,NRGU,ARCX:NRGU,0.0,29.84,0.0296,26790000.0,0.0,0.0,0.0,0.0,0.0,BALANCED,0.0,3. Sector Specific Leveraged (Bull),MicroSectors U.S. Big Oil Index,+3x
2026-02-20,NRGU,ARCX:NRGU,0.0,29.55,-0.0097,26790000.0,0.0,0.0,0.0,0.0,0.0,BALANCED,0.0,3. Sector Specific Leveraged (Bull),MicroSectors U.S. Big Oil Index,+3x
2026-02-23,NRGU,ARCX:NRGU,0.0,29.23,-0.011,26790000.0,0.0,0.0,0.0,0.0,0.0,BALANCED,0.0,3. Sector Specific Leveraged (Bull),MicroSectors U.S. Big Oil Index,+3x
2026-02-24,NRGU,ARCX:NRGU,0.0,29.24,0.0005,26790000.0,0.0,0.0,0.0,0.0,0.0,BALANCED,0.0,3. Sector Specific Leveraged (Bull),MicroSectors U.S. Big Oil Index,+3x
2026-02-25,NRGU,ARCX:NRGU,0.0,28.39,-0.0293,26790000.0,0.0,0.0,0.0,0.0,0.0,BALANCED,0.0,3. Sector Specific Leveraged (Bull),MicroSectors U.S. Big Oil Index,+3x
2026-02-26,NRGU,ARCX:NRGU,0.0,28.79,0.0142,26790000.0,0.0,0.0,0.0,0.0,0.0,BALANCED,0.0,3. Sector Specific Leveraged (Bull),MicroSectors U.S. Big Oil Index,+3x
2026-02-27,NRGU,ARCX:NRGU,0.0,30.34,0.0539,26790000.0,0.0,0.0,0.0,0.0,0.0,BALANCED,0.0,3. Sector Specific Leveraged (Bull),MicroSectors U.S. Big Oil Index,+3x
2026-03-02,NRGU,ARCX:NRGU,0.0,33.36,0.0995,26790000.0,0.0,0.0,0.0,0.0,0.0,BALANCED,0.0,3. Sector Specific Leveraged (Bull),MicroSectors U.S. Big Oil Index,+3x
2026-03-03,NRGU,ARCX:NRGU,0.0,32.95,-0.0122,26790000.0,0.0,0.0,0.0,0.0,0.0,BALANCED,0.0,3. Sector Specific Leveraged (Bull),MicroSectors U.S. Big Oil Index,+3x
2026-03-04,NRGU,ARCX:NRGU,0.0,33.34,0.0117,26790000.0,0.0,0.0,0.0,0.0,0.0,BALANCED,0.0,3. Sector Specific Leveraged (Bull),MicroSectors U.S. Big Oil Index,+3x
2026-03-05,NRGU,ARCX:NRGU,0.0,34.33,0.0298,26790000.0,0.0,0.0,0.0,0.0,0.0,BALANCED,0.0,3. Sector Specific Leveraged (Bull),MicroSectors U.S. Big Oil Index,+3x
2026-03-06,NRGU,ARCX:NRGU,0.0,34.61,0.0082,26790000.0,0.0,0.0,0.0,0.0,0.0,BALANCED,0.0,3. Sector Specific Leveraged (Bull),MicroSectors U.S. Big Oil Index,+3x
2026-03-09,NRGU,ARCX:NRGU,0.0,34.01,-0.0175,26790000.0,0.0,0.0,0.0,0.0,0.0,BALANCED,0.0,3. Sector Specific Leveraged (Bull),MicroSectors U.S. Big Oil Index,+3x
2026-03-10,NRGU,ARCX:NRGU,0.0,32.32,-0.0497,26790000.0,0.0,0.0,0.0,0.0,0.0,BALANCED,0.0,3. Sector Specific Leveraged (Bull),MicroSectors U.S. Big Oil Index,+3x
2026-03-11,NRGU,ARCX:NRGU,0.0,35.72,0.1055,26790000.0,0.0,0.0,0.0,0.0,0.0,BALANCED,0.0,3. Sector Specific Leveraged (Bull),MicroSectors U.S. Big Oil Index,+3x
2026-03-12,NRGU,ARCX:NRGU,0.0,37.92,0.0613,26790000.0,0.0,0.0,0.0,0.0,0.0,BALANCED,0.0,3. Sector Specific Leveraged (Bull),MicroSectors U.S. Big Oil Index,+3x
2026-03-13,NRGU,ARCX:NRGU,0.0,37.95,0.0008,26790000.0,0.0,0.0,0.0,0.0,0.0,BALANCED,0.0,3. Sector Specific Leveraged (Bull),MicroSectors U.S. Big Oil Index,+3x
2026-03-16,NRGU,ARCX:NRGU,0.0,38.29,0.0091,26790000.0,0.0,0.0,0.0,0.0,0.0,BALANCED,0.0,3. Sector Specific Leveraged (Bull),MicroSectors U.S. Big Oil Index,+3x
2026-03-17,NRGU,ARCX:NRGU,0.0,39.63,0.0348,26790000.0,0.0,0.0,0.0,0.0,0.0,BALANCED,0.0,3. Sector Specific Leveraged (Bull),MicroSectors U.S. Big Oil Index,+3x
2026-03-18,NRGU,ARCX:NRGU,0.0,40.55,0.0233,26790000.0,0.0,0.0,0.0,0.0,0.0,BALANCED,0.0,3. Sector Specific Leveraged (Bull),MicroSectors U.S. Big Oil Index,+3x
2026-03-19,NRGU,ARCX:NRGU,0.0,42.09,0.0381,26790000.0,0.0,0.0,0.0,0.0,0.0,BALANCED,0.0,3. Sector Specific Leveraged (Bull),MicroSectors U.S. Big Oil Index,+3x
2026-03-20,NRGU,ARCX:NRGU,0.0,42.08,-0.0003,26790000.0,0.0,0.0,0.0,0.0,0.0,BALANCED,0.0,3. Sector Specific Leveraged (Bull),MicroSectors U.S. Big Oil Index,+3x
2026-03-23,NRGU,ARCX:NRGU,0.0,42.29,0.005,26790000.0,0.0,0.0,0.0,0.0,0.0,BALANCED,0.0,3. Sector Specific Leveraged (Bull),MicroSectors U.S. Big Oil Index,+3x
2026-03-24,NRGU,ARCX:NRGU,0.0,45.57,0.0775,26790000.0,0.0,0.0,0.0,0.0,0.0,BALANCED,0.0,3. Sector Specific Leveraged (Bull),MicroSectors U.S. Big Oil Index,+3x
2026-03-25,NRGU,ARCX:NRGU,0.0,44.61,-0.021,26790000.0,0.0,0.0,0.0,0.0,0.0,BALANCED,0.0,3. Sector Specific Leveraged (Bull),MicroSectors U.S. Big Oil Index,+3x
2026-03-26,NRGU,ARCX:NRGU,0.0,48.35,0.0838,26790000.0,0.0,0.0,0.0,0.0,0.0,BALANCED,0.0,3. Sector Specific Leveraged (Bull),MicroSectors U.S. Big Oil Index,+3x
2026-03-27,NRGU,ARCX:NRGU,0.0,50.56,0.0456,26790000.0,0.0,0.0,0.0,0.0,0.0,BALANCED,0.0,3. Sector Specific Leveraged (Bull),MicroSectors U.S. Big Oil Index,+3x
2026-03-30,NRGU,ARCX:NRGU,0.0,49.36,-0.0237,26790000.0,0.0,0.0,0.0,0.0,0.0,BALANCED,0.0,3. Sector Specific Leveraged (Bull),MicroSectors U.S. Big Oil Index,+3x
2026-03-31,NRGU,ARCX:NRGU,0.0,47.13,-0.0452,26790000.0,0.0,0.0,0.0,0.0,0.0,BALANCED,0.0,3. Sector Specific Leveraged (Bull),MicroSectors U.S. Big Oil Index,+3x
2026-04-01,NRGU,ARCX:NRGU,0.0,42.14,-0.1059,26790000.0,0.0,0.0,0.0,0.0,0.0,BALANCED,0.0,3. Sector Specific Leveraged (Bull),MicroSectors U.S. Big Oil Index,+3x
2026-04-02,NRGU,ARCX:NRGU,0.0,43.52,0.0329,26790000.0,0.0,0.0,0.0,0.0,0.0,BALANCED,0.0,3. Sector Specific Leveraged (Bull),MicroSectors U.S. Big Oil Index,+3x
2026-04-06,NRGU,ARCX:NRGU,0.0,44.07,0.0126,26790000.0,0.0,0.0,0.0,0.0,0.0,BALANCED,0.0,3. Sector Specific Leveraged (Bull),MicroSectors U.S. Big Oil Index,+3x
2026-04-07,NRGU,ARCX:NRGU,0.0,44.89,0.0187,26790000.0,0.0,0.0,0.0,0.0,0.0,BALANCED,0.0,3. Sector Specific Leveraged (Bull),MicroSectors U.S. Big Oil Index,+3x
2026-04-08,NRGU,ARCX:NRGU,0.0,38.76,-0.1366,26790000.0,0.0,0.0,0.0,0.0,0.0,BALANCED,0.0,3. Sector Specific Leveraged (Bull),MicroSectors U.S. Big Oil Index,+3x
2026-04-09,NRGU,ARCX:NRGU,0.0,36.75,-0.0519,26790000.0,0.0,0.0,0.0,0.0,0.0,BALANCED,0.0,3. Sector Specific Leveraged (Bull),MicroSectors U.S. Big Oil Index,+3x
2026-04-10,NRGU,ARCX:NRGU,0.0,36.29,-0.0124,26790000.0,0.0,0.0,0.0,0.0,0.0,BALANCED,0.0,3. Sector Specific Leveraged (Bull),MicroSectors U.S. Big Oil Index,+3x
2026-04-13,NRGU,ARCX:NRGU,0.0,36.93,0.0175,26790000.0,0.0,0.0,0.0,0.0,0.0,BALANCED,0.0,3. Sector Specific Leveraged (Bull),MicroSectors U.S. Big Oil Index,+3x
2026-04-14,NRGU,ARCX:NRGU,0.0,34.06,-0.0777,26790000.0,0.0,0.0,0.0,0.0,0.0,BALANCED,0.0,3. Sector Specific Leveraged (Bull),MicroSectors U.S. Big Oil Index,+3x
2026-04-15,NRGU,ARCX:NRGU,0.0,33.97,-0.0027,26790000.0,0.0,0.0,0.0,0.0,0.0,BALANCED,0.0,3. Sector Specific Leveraged (Bull),MicroSectors U.S. Big Oil Index,+3x
2026-04-16,NRGU,ARCX:NRGU,0.0,35.69,0.0506,26790000.0,0.0,0.0,0.0,0.0,0.0,BALANCED,0.0,3. Sector Specific Leveraged (Bull),MicroSectors U.S. Big Oil Index,+3x
2026-04-17,NRGU,ARCX:NRGU,0.0,30.88,-0.1346,26790000.0,0.0,0.0,0.0,0.0,0.0,BALANCED,0.0,3. Sector Specific Leveraged (Bull),MicroSectors U.S. Big Oil Index,+3x
2026-04-20,NRGU,ARCX:NRGU,0.0,31.51,0.0205,26790000.0,0.0,0.0,0.0,0.0,0.0,BALANCED,0.0,3. Sector Specific Leveraged (Bull),MicroSectors U.S. Big Oil Index,+3x
2026-04-21,NRGU,ARCX:NRGU,0.0,33.81,0.0729,26790000.0,0.0,0.0,0.0,0.0,0.0,BALANCED,0.0,3. Sector Specific Leveraged (Bull),MicroSectors U.S. Big Oil Index,+3x
2026-04-22,NRGU,ARCX:NRGU,0.0,35.03,0.0359,26790000.0,0.0,0.0,0.0,0.0,0.0,BALANCED,0.0,3. Sector Specific Leveraged (Bull),MicroSectors U.S. Big Oil Index,+3x
2026-04-23,NRGU,ARCX:NRGU,0.0,35.7,0.0194,26790000.0,0.0,0.0,0.0,0.0,0.0,BALANCED,0.0,3. Sector Specific Leveraged (Bull),MicroSectors U.S. Big Oil Index,+3x
2026-04-24,NRGU,ARCX:NRGU,0.0,35.34,-0.0102,26790000.0,0.0,0.0,0.0,0.0,0.0,BALANCED,0.0,3. Sector Specific Leveraged (Bull),MicroSectors U.S. Big Oil Index,+3x
2026-04-27,NRGU,ARCX:NRGU,0.0,35.76,0.012,26790000.0,0.0,0.0,0.0,0.0,0.0,BALANCED,0.0,3. Sector Specific Leveraged (Bull),MicroSectors U.S. Big Oil Index,+3x
2026-04-28,NRGU,ARCX:NRGU,0.0,37.71,0.0545,26790000.0,0.0,0.0,0.0,0.0,0.0,BALANCED,0.0,3. Sector Specific Leveraged (Bull),MicroSectors U.S. Big Oil Index,+3x
2026-04-29,NRGU,ARCX:NRGU,0.0,41.5,0.1003,26790000.0,0.0,0.0,0.0,0.0,0.0,BALANCED,0.0,3. Sector Specific Leveraged (Bull),MicroSectors U.S. Big Oil Index,+3x
2026-04-30,NRGU,ARCX:NRGU,0.0,42.27,0.0187,26790000.0,0.0,0.0,0.0,0.0,0.0,BALANCED,0.0,3. Sector Specific Leveraged (Bull),MicroSectors U.S. Big Oil Index,+3x
2026-05-01,NRGU,ARCX:NRGU,0.0,40.42,-0.0437,26790000.0,0.0,0.0,0.0,0.0,0.0,BALANCED,0.0,3. Sector Specific Leveraged (Bull),MicroSectors U.S. Big Oil Index,+3x
2026-05-06,NRGU,ARCX:NRGU,0.0,35.41,-0.124,26790000.0,0.0,0.0,0.0,0.0,0.0,BALANCED,0.0,3. Sector Specific Leveraged (Bull),MicroSectors U.S. Big Oil Index,+3x
2026-05-07,NRGU,ARCX:NRGU,0.0,33.28,-0.0601,26790000.0,0.0,0.0,0.0,0.0,0.0,BALANCED,0.0,3. Sector Specific Leveraged (Bull),MicroSectors U.S. Big Oil Index,+3x
2026-05-08,NRGU,ARCX:NRGU,0.0,33.23,-0.0015,26790000.0,0.0,0.0,0.0,0.0,0.0,BALANCED,0.0,3. Sector Specific Leveraged (Bull),MicroSectors U.S. Big Oil Index,+3x
2026-05-11,NRGU,ARCX:NRGU,0.0,36.07,0.0855,26790000.0,0.0,0.0,0.0,0.0,0.0,BALANCED,0.0,3. Sector Specific Leveraged (Bull),MicroSectors U.S. Big Oil Index,+3x
2026-05-12,NRGU,ARCX:NRGU,0.0,36.73,0.0181,26790000.0,0.0,0.0,0.0,0.0,0.0,BALANCED,0.0,3. Sector Specific Leveraged (Bull),MicroSectors U.S. Big Oil Index,+3x
2026-05-13,NRGU,ARCX:NRGU,0.0,36.46,-0.0072,26790000.0,0.0,0.0,0.0,0.0,0.0,BALANCED,0.0,3. Sector Specific Leveraged (Bull),MicroSectors U.S. Big Oil Index,+3x
2026-05-14,NRGU,ARCX:NRGU,0.0,37.01,0.0149,26790000.0,0.0,0.0,0.0,0.0,0.0,BALANCED,0.0,3. Sector Specific Leveraged (Bull),MicroSectors U.S. Big Oil Index,+3x
2026-05-15,NRGU,ARCX:NRGU,0.0,40.42,0.0924,26790000.0,0.0,0.0,0.0,0.0,0.0,BALANCED,0.0,3. Sector Specific Leveraged (Bull),MicroSectors U.S. Big Oil Index,+3x
2026-05-18,NRGU,ARCX:NRGU,0.0,42.48,0.0509,26790000.0,0.0,0.0,0.0,0.0,0.0,BALANCED,0.0,3. Sector Specific Leveraged (Bull),MicroSectors U.S. Big Oil Index,+3x
2026-05-19,NRGU,ARCX:NRGU,0.0,43.89,0.0333,26790000.0,0.0,0.0,0.0,0.0,0.0,BALANCED,0.0,3. Sector Specific Leveraged (Bull),MicroSectors U.S. Big Oil Index,+3x
2026-05-20,NRGU,ARCX:NRGU,0.0,40.65,-0.074,26790000.0,0.0,0.0,0.0,0.0,0.0,BALANCED,0.0,3. Sector Specific Leveraged (Bull),MicroSectors U.S. Big Oil Index,+3x
2026-05-21,NRGU,ARCX:NRGU,0.0,38.26,-0.0586,26790000.0,0.0,0.0,0.0,0.0,0.0,BALANCED,0.0,3. Sector Specific Leveraged (Bull),MicroSectors U.S. Big Oil Index,+3x
2026-05-22,NRGU,ARCX:NRGU,0.0,39.09,0.0215,26790000.0,0.0,0.0,0.0,0.0,0.0,BALANCED,0.0,3. Sector Specific Leveraged (Bull),MicroSectors U.S. Big Oil Index,+3x
2026-05-25,NRGU,ARCX:NRGU,0.0,39.09,0.0,26790000.0,0.0,0.0,0.0,0.0,0.0,BALANCED,0.0,3. Sector Specific Leveraged (Bull),MicroSectors U.S. Big Oil Index,+3x
2026-05-26,NRGU,ARCX:NRGU,0.0,35.55,-0.0905,26790000.0,0.0,0.0,0.0,0.0,0.0,BALANCED,0.0,3. Sector Specific Leveraged (Bull),MicroSectors U.S. Big Oil Index,+3x
2026-05-27,NRGU,ARCX:NRGU,0.0,34.51,-0.0292,26790000.0,0.0,0.0,0.0,0.0,0.0,BALANCED,0.0,3. Sector Specific Leveraged (Bull),MicroSectors U.S. Big Oil Index,+3x
2026-05-28,NRGU,ARCX:NRGU,0.0,35.1,0.0169,26790000.0,0.0,0.0,0.0,0.0,0.0,BALANCED,0.0,3. Sector Specific Leveraged (Bull),MicroSectors U.S. Big Oil Index,+3x
2026-05-29,NRGU,ARCX:NRGU,0.0,34.35,-0.0211,26790000.0,0.0,0.0,0.0,0.0,0.0,BALANCED,0.0,3. Sector Specific Leveraged (Bull),MicroSectors U.S. Big Oil Index,+3x
2026-06-01,NRGU,ARCX:NRGU,0.0,37.44,0.0899,26790000.0,0.0,0.0,0.0,0.0,0.0,BALANCED,0.0,3. Sector Specific Leveraged (Bull),MicroSectors U.S. Big Oil Index,+3x
2026-06-02,NRGU,ARCX:NRGU,0.0,38.64,0.0319,26790000.0,0.0,0.0,0.0,0.0,0.0,BALANCED,0.0,3. Sector Specific Leveraged (Bull),MicroSectors U.S. Big Oil Index,+3x
2026-06-03,NRGU,ARCX:NRGU,0.0,40.47,0.0475,26790000.0,0.0,0.0,0.0,0.0,0.0,BALANCED,0.0,3. Sector Specific Leveraged (Bull),MicroSectors U.S. Big Oil Index,+3x
2026-06-04,NRGU,ARCX:NRGU,0.0,39.43,-0.0259,26790000.0,0.0,0.0,0.0,0.0,0.0,BALANCED,0.0,3. Sector Specific Leveraged (Bull),MicroSectors U.S. Big Oil Index,+3x
2026-06-05,NRGU,ARCX:NRGU,0.0,36.87,-0.0648,26790000.0,0.0,0.0,0.0,0.0,0.0,BALANCED,0.0,3. Sector Specific Leveraged (Bull),MicroSectors U.S. Big Oil Index,+3x
2026-06-08,NRGU,ARCX:NRGU,0.0,38.37,0.0407,26790000.0,0.0,0.0,0.0,0.0,0.0,BALANCED,0.0,3. Sector Specific Leveraged (Bull),MicroSectors U.S. Big Oil Index,+3x
2026-06-09,NRGU,ARCX:NRGU,0.0,36.04,-0.0608,26790000.0,0.0,0.0,0.0,0.0,0.0,BALANCED,0.0,3. Sector Specific Leveraged (Bull),MicroSectors U.S. Big Oil Index,+3x
2026-06-10,NRGU,ARCX:NRGU,0.0,38.27,0.0619,26790000.0,0.0,0.0,0.0,0.0,0.0,BALANCED,0.0,3. Sector Specific Leveraged (Bull),MicroSectors U.S. Big Oil Index,+3x
2026-06-11,NRGU,ARCX:NRGU,0.0,35.44,-0.0739,26790000.0,0.0,0.0,0.0,0.0,0.0,BALANCED,0.0,3. Sector Specific Leveraged (Bull),MicroSectors U.S. Big Oil Index,+3x
2026-06-12,NRGU,ARCX:NRGU,0.0,36.38,0.0263,26790000.0,0.0,0.0,0.0,0.0,0.0,BALANCED,0.0,3. Sector Specific Leveraged (Bull),MicroSectors U.S. Big Oil Index,+3x
2026-06-15,NRGU,ARCX:NRGU,0.0,32.41,-0.1091,26790000.0,0.0,0.0,0.0,0.0,0.0,BALANCED,0.0,3. Sector Specific Leveraged (Bull),MicroSectors U.S. Big Oil Index,+3x
2026-06-16,NRGU,ARCX:NRGU,0.0,31.78,-0.0193,26790000.0,0.0,0.0,0.0,0.0,0.0,BALANCED,0.0,3. Sector Specific Leveraged (Bull),MicroSectors U.S. Big Oil Index,+3x
2026-06-17,NRGU,ARCX:NRGU,0.0,30.63,-0.0361,26790000.0,0.0,0.0,0.0,0.0,0.0,BALANCED,0.0,3. Sector Specific Leveraged (Bull),MicroSectors U.S. Big Oil Index,+3x
2026-06-18,NRGU,ARCX:NRGU,0.0,29.01,-0.0531,26790000.0,0.0,0.0,0.0,0.0,0.0,BALANCED,0.0,3. Sector Specific Leveraged (Bull),MicroSectors U.S. Big Oil Index,+3x
2026-06-19,NRGU,ARCX:NRGU,0.0,29.01,0.0,26790000.0,0.0,0.0,0.0,0.0,0.0,BALANCED,0.0,3. Sector Specific Leveraged (Bull),MicroSectors U.S. Big Oil Index,+3x
2026-06-22,NRGU,ARCX:NRGU,0.0,30.44,0.0495,26790000.0,0.0,0.0,0.0,0.0,0.0,BALANCED,0.0,3. Sector Specific Leveraged (Bull),MicroSectors U.S. Big Oil Index,+3x
2026-06-23,NRGU,ARCX:NRGU,0.0,30.99,0.0179,26790000.0,0.0,0.0,0.0,0.0,0.0,BALANCED,0.0,3. Sector Specific Leveraged (Bull),MicroSectors U.S. Big Oil Index,+3x
2026-06-24,NRGU,ARCX:NRGU,0.0,29.48,-0.0487,26790000.0,0.0,0.0,0.0,0.0,0.0,BALANCED,0.0,3. Sector Specific Leveraged (Bull),MicroSectors U.S. Big Oil Index,+3x
2026-06-25,NRGU,ARCX:NRGU,0.0,30.28,0.0271,26790000.0,0.0,0.0,0.0,0.0,0.0,BALANCED,0.0,3. Sector Specific Leveraged (Bull),MicroSectors U.S. Big Oil Index,+3x
2026-06-26,NRGU,ARCX:NRGU,0.0,29.75,-0.0175,26790000.0,0.0,0.0,0.0,0.0,0.0,BALANCED,0.0,3. Sector Specific Leveraged (Bull),MicroSectors U.S. Big Oil Index,+3x
2026-06-29,NRGU,ARCX:NRGU,0.0,29.78,0.0011,26790000.0,0.0,0.0,0.0,0.0,0.0,BALANCED,0.0,3. Sector Specific Leveraged (Bull),MicroSectors U.S. Big Oil Index,+3x
2026-06-30,NRGU,ARCX:NRGU,0.0,28.43,-0.0453,26790000.0,0.0,0.0,0.0,0.0,0.0,BALANCED,0.0,3. Sector Specific Leveraged (Bull),MicroSectors U.S. Big Oil Index,+3x
2026-07-01,NRGU,ARCX:NRGU,0.0,28.68,0.0088,26790000.0,0.0,0.0,0.0,0.0,0.0,BALANCED,0.0,3. Sector Specific Leveraged (Bull),MicroSectors U.S. Big Oil Index,+3x
2026-07-02,NRGU,ARCX:NRGU,0.0,29.41,0.0257,26790000.0,0.0,0.0,0.0,0.0,0.0,BALANCED,0.0,3. Sector Specific Leveraged (Bull),MicroSectors U.S. Big Oil Index,+3x
2026-07-03,NRGU,ARCX:NRGU,0.0,29.41,0.0,26790000.0,0.0,0.0,0.0,0.0,0.0,BALANCED,0.0,3. Sector Specific Leveraged (Bull),MicroSectors U.S. Big Oil Index,+3x
2026-07-06,NRGU,ARCX:NRGU,0.0,29.39,-0.0008,26790000.0,0.0,0.0,0.0,0.0,0.0,BALANCED,0.0,3. Sector Specific Leveraged (Bull),MicroSectors U.S. Big Oil Index,+3x
2026-07-07,NRGU,ARCX:NRGU,0.0,31.82,0.0828,26790000.0,0.0,0.0,0.0,0.0,0.0,BALANCED,0.0,3. Sector Specific Leveraged (Bull),MicroSectors U.S. Big Oil Index,+3x
2026-07-08,NRGU,ARCX:NRGU,0.0,34.81,0.0938,26790000.0,0.0,0.0,0.0,0.0,0.0,BALANCED,0.0,3. Sector Specific Leveraged (Bull),MicroSectors U.S. Big Oil Index,+3x
2026-07-09,NRGU,ARCX:NRGU,0.0,33.24,-0.0451,26790000.0,0.0,0.0,0.0,0.0,0.0,BALANCED,0.0,3. Sector Specific Leveraged (Bull),MicroSectors U.S. Big Oil Index,+3x
2026-07-10,NRGU,ARCX:NRGU,0.0,33.68,0.0134,26790000.0,0.0,0.0,0.0,0.0,0.0,BALANCED,0.0,3. Sector Specific Leveraged (Bull),MicroSectors U.S. Big Oil Index,+3x
2026-07-13,NRGU,ARCX:NRGU,0.0,37.93,0.1262,26790000.0,0.0,0.0,0.0,0.0,0.0,BALANCED,0.0,3. Sector Specific Leveraged (Bull),MicroSectors U.S. Big Oil Index,+3x
2026-07-14,NRGU,ARCX:NRGU,0.0,38.25,0.0083,26790000.0,0.0,0.0,0.0,0.0,0.0,BALANCED,0.0,3. Sector Specific Leveraged (Bull),MicroSectors U.S. Big Oil Index,+3x
2026-07-15,NRGU,ARCX:NRGU,0.0,36.87,-0.036,26790000.0,0.0,0.0,0.0,0.0,0.0,BALANCED,0.0,3. Sector Specific Leveraged (Bull),MicroSectors U.S. Big Oil Index,+3x
2026-07-16,NRGU,ARCX:NRGU,0.0,38.23,0.0369,26790000.0,0.0,0.0,0.0,0.0,0.0,BALANCED,0.0,3. Sector Specific Leveraged (Bull),MicroSectors U.S. Big Oil Index,+3x
2026-07-17,NRGU,ARCX:NRGU,0.0,40.65,0.0633,26790000.0,0.0,0.0,0.0,0.0,0.0,BALANCED,0.0,3. Sector Specific Leveraged (Bull),MicroSectors U.S. Big Oil Index,+3x
2026-07-20,NRGU,ARCX:NRGU,0.0,41.49,0.0205,26790000.0,0.0,0.0,0.0,0.0,0.0,BALANCED,0.0,3. Sector Specific Leveraged (Bull),MicroSectors U.S. Big Oil Index,+3x
2026-07-21,NRGU,ARCX:NRGU,0.0,43.35,0.0448,26790000.0,0.0,0.0,0.0,0.0,0.0,BALANCED,0.0,3. Sector Specific Leveraged (Bull),MicroSectors U.S. Big Oil Index,+3x
2026-07-22,NRGU,ARCX:NRGU,0.0,44.18,0.0192,26790000.0,0.0,0.0,0.0,0.0,0.0,BALANCED,0.0,3. Sector Specific Leveraged (Bull),MicroSectors U.S. Big Oil Index,+3x
2026-07-23,NRGU,ARCX:NRGU,0.0,44.42,0.0053,26790000.0,0.0,0.0,0.0,0.0,0.0,BALANCED,0.0,3. Sector Specific Leveraged (Bull),MicroSectors U.S. Big Oil Index,+3x
2026-07-24,NRGU,ARCX:NRGU,0.0,44.01,-0.009,26790000.0,0.0,0.0,0.0,0.0,0.0,BALANCED,0.0,3. Sector Specific Leveraged (Bull),MicroSectors U.S. Big Oil Index,+3x
2026-07-27,NRGU,ARCX:NRGU,0.0,41.0,-0.0685,26790000.0,0.0,0.0,0.0,0.0,0.0,BALANCED,0.0,3. Sector Specific Leveraged (Bull),MicroSectors U.S. Big Oil Index,+3x
2026-07-28,NRGU,ARCX:NRGU,0.0,39.15,-0.0451,26790000.0,0.0,0.0,0.0,0.0,0.0,BALANCED,0.0,3. Sector Specific Leveraged (Bull),MicroSectors U.S. Big Oil Index,+3x
2026-07-29,NRGU,ARCX:NRGU,0.0,42.37,0.0822,26790000.0,0.0,0.0,0.0,0.0,0.0,BALANCED,0.0,3. Sector Specific Leveraged (Bull),MicroSectors U.S. Big Oil Index,+3x
2026-07-30,NRGU,ARCX:NRGU,0.0,43.26,0.0211,26790000.0,0.0,0.0,0.0,0.0,0.0,BALANCED,0.0,3. Sector Specific Leveraged (Bull),MicroSectors U.S. Big Oil Index,+3x
2026-07-31,NRGU,ARCX:NRGU,0.0,44.82,0.036,26790000.0,0.0,0.0,0.0,0.0,0.0,BALANCED,0.0,3. Sector Specific Leveraged (Bull),MicroSectors U.S. Big Oil Index,+3x
2026-08-03,NRGU,ARCX:NRGU,0.0,42.3,-0.0562,26790000.0,0.0,0.0,0.0,0.0,0.0,BALANCED,0.0,3. Sector Specific Leveraged (Bull),MicroSectors U.S. Big Oil Index,+3x
2026-08-04,NRGU,ARCX:NRGU,0.0,41.26,-0.0247,26790000.0,0.0,0.0,0.0,0.0,0.0,BALANCED,0.0,3. Sector Specific Leveraged (Bull),MicroSectors U.S. Big Oil Index,+3x
2026-08-05,NRGU,ARCX:NRGU,0.0,37.44,-0.0927,26790000.0,0.0,0.0,0.0,0.0,0.0,BALANCED,0.0,3. Sector Specific Leveraged (Bull),MicroSectors U.S. Big Oil Index,+3x
2026-08-06,NRGU,ARCX:NRGU,0.0,39.35,0.0511,26790000.0,0.0,0.0,0.0,0.0,0.0,BALANCED,0.0,3. Sector Specific Leveraged (Bull),MicroSectors U.S. Big Oil Index,+3x
2026-08-07,NRGU,ARCX:NRGU,0.0,38.47,-0.0224,26790000.0,0.0,0.0,0.0,0.0,0.0,BALANCED,0.0,3. Sector Specific Leveraged (Bull),MicroSectors U.S. Big Oil Index,+3x
2026-08-10,NRGU,ARCX:NRGU,0.0,44.66,0.1609,26790000.0,0.0,0.0,0.0,0.0,0.0,BALANCED,0.0,3. Sector Specific Leveraged (Bull),MicroSectors U.S. Big Oil Index,+3x
2026-08-11,NRGU,ARCX:NRGU,0.0,47.06,0.0538,26790000.0,0.0,0.0,0.0,0.0,0.0,BALANCED,0.0,3. Sector Specific Leveraged (Bull),MicroSectors U.S. Big Oil Index,+3x
2026-08-12,NRGU,ARCX:NRGU,0.0,47.67,0.0129,26790000.0,0.0,0.0,0.0,0.0,0.0,BALANCED,0.0,3. Sector Specific Leveraged (Bull),MicroSectors U.S. Big Oil Index,+3x
2026-08-13,NRGU,ARCX:NRGU,0.0,48.12,0.0094,26790000.0,0.0,0.0,0.0,0.0,0.0,BALANCED,0.0,3. Sector Specific Leveraged (Bull),MicroSectors U.S. Big Oil Index,+3x
2026-08-14,NRGU,ARCX:NRGU,0.0,49.51,0.029,26790000.0,0.0,0.0,0.0,0.0,0.0,BALANCED,0.0,3. Sector Specific Leveraged (Bull),MicroSectors U.S. Big Oil Index,+3x
2026-08-17,NRGU,ARCX:NRGU,0.0,52.26,0.0555,26790000.0,0.0,0.0,0.0,0.0,0.0,BALANCED,0.0,3. Sector Specific Leveraged (Bull),MicroSectors U.S. Big Oil Index,+3x
2026-08-18,NRGU,ARCX:NRGU,0.0,54.74,0.0474,26790000.0,0.0,0.0,0.0,0.0,0.0,BALANCED,0.0,3. Sector Specific Leveraged (Bull),MicroSectors U.S. Big Oil Index,+3x
2026-08-19,NRGU,ARCX:NRGU,0.0,54.58,-0.003,26790000.0,0.0,0.0,0.0,0.0,0.0,BALANCED,0.0,3. Sector Specific Leveraged (Bull),MicroSectors U.S. Big Oil Index,+3x
2026-08-20,NRGU,ARCX:NRGU,0.0,55.96,0.0253,26790000.0,0.0,0.0,0.0,0.0,0.0,BALANCED,0.0,3. Sector Specific Leveraged (Bull),MicroSectors U.S. Big Oil Index,+3x
2026-08-24,NRGU,ARCX:NRGU,0.0,54.37,-0.0284,26790000.0,0.0,0.0,0.0,0.0,0.0,BALANCED,0.0,3. Sector Specific Leveraged (Bull),MicroSectors U.S. Big Oil Index,+3x
2026-08-25,NRGU,ARCX:NRGU,0.0,50.89,-0.064,26790000.0,0.0,0.0,0.0,0.0,0.0,BALANCED,0.0,3. Sector Specific Leveraged (Bull),MicroSectors U.S. Big Oil Index,+3x
2026-08-26,NRGU,ARCX:NRGU,0.0,51.34,0.0089,26790000.0,0.0,0.0,0.0,0.0,0.0,BALANCED,0.0,3. Sector Specific Leveraged (Bull),MicroSectors U.S. Big Oil Index,+3x
2026-08-27,NRGU,ARCX:NRGU,0.0,51.07,-0.0053,26790000.0,0.0,0.0,0.0,0.0,0.0,BALANCED,0.0,3. Sector Specific Leveraged (Bull),MicroSectors U.S. Big Oil Index,+3x
2026-08-28,NRGU,ARCX:NRGU,0.0,51.76,0.0136,26790000.0,0.0,0.0,0.0,0.0,0.0,BALANCED,0.0,3. Sector Specific Leveraged (Bull),MicroSectors U.S. Big Oil Index,+3x
2026-08-31,NRGU,ARCX:NRGU,0.0,54.43,0.0516,26790000.0,0.0,0.0,0.0,0.0,0.0,BALANCED,0.0,3. Sector Specific Leveraged (Bull),MicroSectors U.S. Big Oil Index,+3x
2026-09-01,NRGU,ARCX:NRGU,0.0,57.53,0.0569,26790000.0,0.0,0.0,0.0,0.0,0.0,BALANCED,0.0,3. Sector Specific Leveraged (Bull),MicroSectors U.S. Big Oil Index,+3x
2026-09-02,NRGU,ARCX:NRGU,0.0,58.4,0.015,26790000.0,0.0,0.0,0.0,0.0,0.0,BALANCED,0.0,3. Sector Specific Leveraged (Bull),MicroSectors U.S. Big Oil Index,+3x
2026-09-03,NRGU,ARCX:NRGU,0.0,57.55,-0.0145,26790000.0,0.0,0.0,0.0,0.0,0.0,BALANCED,0.0,3. Sector Specific Leveraged (Bull),MicroSectors U.S. Big Oil Index,+3x
2026-09-04,NRGU,ARCX:NRGU,0.0,56.02,-0.0265,26790000.0,0.0,0.0,0.0,0.0,0.0,BALANCED,0.0,3. Sector Specific Leveraged (Bull),MicroSectors U.S. Big Oil Index,+3x
2026-09-07,NRGU,ARCX:NRGU,0.0,56.02,0.0,26790000.0,0.0,0.0,0.0,0.0,0.0,BALANCED,0.0,3. Sector Specific Leveraged (Bull),MicroSectors U.S. Big Oil Index,+3x
2026-09-08,NRGU,ARCX:NRGU,0.0,57.92,0.0339,26790000.0,0.0,0.0,0.0,0.0,0.0,BALANCED,0.0,3. Sector Specific Leveraged (Bull),MicroSectors U.S. Big Oil Index,+3x
2026-09-09,NRGU,ARCX:NRGU,0.0,60.09,0.0375,26790000.0,0.0,0.0,0.0,0.0,0.0,BALANCED,0.0,3. Sector Specific Leveraged (Bull),MicroSectors U.S. Big Oil Index,+3x
2026-09-10,NRGU,ARCX:NRGU,0.0,60.15,0.001,26790000.0,0.0,0.0,0.0,0.0,0.0,BALANCED,0.0,3. Sector Specific Leveraged (Bull),MicroSectors U.S. Big Oil Index,+3x
2026-09-11,NRGU,ARCX:NRGU,0.0,60.9,0.0124,26790000.0,0.0,0.0,0.0,0.0,0.0,BALANCED,0.0,3. Sector Specific Leveraged (Bull),MicroSectors U.S. Big Oil Index,+3x
2026-09-14,NRGU,ARCX:NRGU,0.0,60.1,-0.0131,26790000.0,0.0,0.0,0.0,0.0,0.0,BALANCED,0.0,3. Sector Specific Leveraged (Bull),MicroSectors U.S. Big Oil Index,+3x
2026-09-15,NRGU,ARCX:NRGU,0.0,65.84,0.0955,26790000.0,0.0,0.0,0.0,0.0,0.0,BALANCED,0.0,3. Sector Specific Leveraged (Bull),MicroSectors U.S. Big Oil Index,+3x
2026-09-16,NRGU,ARCX:NRGU,0.0,58.89,-0.1056,26790000.0,0.0,0.0,0.0,0.0,0.0,BALANCED,0.0,3. Sector Specific Leveraged (Bull),MicroSectors U.S. Big Oil Index,+3x
2026-09-17,NRGU,ARCX:NRGU,0.0,60.8,0.0324,26790000.0,0.0,0.0,0.0,0.0,0.0,BALANCED,0.0,3. Sector Specific Leveraged (Bull),MicroSectors U.S. Big Oil Index,+3x
2026-09-18,NRGU,ARCX:NRGU,0.0,59.79,-0.0166,26790000.0,0.0,0.0,0.0,0.0,0.0,BALANCED,0.0,3. Sector Specific Leveraged (Bull),MicroSectors U.S. Big Oil Index,+3x
2026-09-21,NRGU,ARCX:NRGU,0.0,54.02,-0.0965,26790000.0,0.0,0.0,0.0,0.0,0.0,BALANCED,0.0,3. Sector Specific Leveraged (Bull),MicroSectors U.S. Big Oil Index,+3x
2026-09-22,NRGU,ARCX:NRGU,0.0,51.06,-0.0548,26790000.0,0.0,0.0,0.0,0.0,0.0,BALANCED,0.0,3. Sector Specific Leveraged (Bull),MicroSectors U.S. Big Oil Index,+3x
