date,ticker,trackinsight_key,usd_flow,nav,perf_pct,cumulative_flow,daily_inflow,daily_outflow,flow_zscore,flow_5d,flow_20d,regime,pressure
2024-09-04,UBRL,UBRL,49073000.0,24.74,0.0,49073000.0,49073000.0,0.0,0.0,49073000.0,49073000.0,BALANCED,12.0
2024-09-05,UBRL,UBRL,-47893000.0,24.51,-0.0091,1180000.0,0.0,-47893000.0,0.0,1180000.0,1180000.0,BALANCED,8.0
2024-09-06,UBRL,UBRL,0.0,23.34,-0.0478,1180000.0,0.0,0.0,0.0,1180000.0,1180000.0,BALANCED,10.0
2024-09-09,UBRL,UBRL,0.0,23.48,0.006,1180000.0,0.0,0.0,0.0,1180000.0,1180000.0,BALANCED,10.0
2024-09-10,UBRL,UBRL,0.0,22.93,-0.0235,1180000.0,0.0,0.0,-0.0069,1180000.0,1180000.0,BALANCED,9.8279
2024-09-11,UBRL,UBRL,0.0,23.67,0.0322,1180000.0,0.0,0.0,-0.0064,-47893000.0,1180000.0,BALANCED,-10.1603
2024-09-12,UBRL,UBRL,0.0,22.31,-0.0577,1180000.0,0.0,0.0,-0.006,0.0,1180000.0,BALANCED,-0.1505
2024-09-13,UBRL,UBRL,0.0,25.15,0.1276,1180000.0,0.0,0.0,-0.0057,0.0,1180000.0,BALANCED,-0.1423
2024-09-16,UBRL,UBRL,0.0,24.49,-0.0265,1180000.0,0.0,0.0,-0.0054,0.0,1180000.0,BALANCED,-0.1352
2024-09-17,UBRL,UBRL,0.0,25.34,0.0349,1180000.0,0.0,0.0,-0.0052,0.0,1180000.0,BALANCED,-0.1291
2024-09-18,UBRL,UBRL,258000.0,25.83,0.0193,1438000.0,258000.0,0.0,0.0059,258000.0,1438000.0,BALANCED,12.1467
2024-09-19,UBRL,UBRL,-271000.0,27.07,0.0481,1167000.0,0.0,-271000.0,-0.0178,-13000.0,1167000.0,BALANCED,-12.4453
2024-09-20,UBRL,UBRL,0.0,26.08,-0.0366,1167000.0,0.0,0.0,-0.0045,-13000.0,1167000.0,BALANCED,-10.1134
2024-09-23,UBRL,UBRL,0.0,26.62,0.0207,1167000.0,0.0,0.0,-0.0044,-13000.0,1167000.0,BALANCED,-10.1096
2024-09-24,UBRL,UBRL,0.0,28.57,0.0729,1167000.0,0.0,0.0,-0.0042,-13000.0,1167000.0,BALANCED,-10.1061
2024-09-25,UBRL,UBRL,0.0,28.34,-0.0079,1167000.0,0.0,0.0,-0.0041,-271000.0,1167000.0,BALANCED,-10.103
2024-09-26,UBRL,UBRL,0.0,28.0,-0.0119,1167000.0,0.0,0.0,-0.004,0.0,1167000.0,BALANCED,-0.1001
2024-09-27,UBRL,UBRL,0.0,27.29,-0.0253,1167000.0,0.0,0.0,-0.0039,0.0,1167000.0,BALANCED,-0.0975
2024-09-30,UBRL,UBRL,0.0,26.87,-0.0156,1167000.0,0.0,0.0,-0.0038,0.0,1167000.0,BALANCED,-0.095
2024-10-01,UBRL,UBRL,0.0,26.2,-0.0246,1167000.0,0.0,0.0,-0.0037,0.0,1167000.0,BALANCED,-0.0927
2024-10-02,UBRL,UBRL,0.0,25.23,-0.0373,1167000.0,0.0,0.0,-0.0036,0.0,-47906000.0,BALANCED,-0.0906
2024-10-03,UBRL,UBRL,0.0,25.27,0.0017,1167000.0,0.0,0.0,-0.0035,0.0,-13000.0,BALANCED,-0.0886
2024-10-04,UBRL,UBRL,-262000.0,26.17,0.0356,905000.0,0.0,-262000.0,-0.0206,-262000.0,-275000.0,BALANCED,-12.5153
2024-10-07,UBRL,UBRL,0.0,26.39,0.0085,905000.0,0.0,0.0,-0.0026,-262000.0,-275000.0,BALANCED,-10.0659
2024-10-08,UBRL,UBRL,0.0,27.5,0.0419,905000.0,0.0,0.0,-0.0026,-262000.0,-275000.0,BALANCED,-10.0647
2024-10-09,UBRL,UBRL,0.0,28.72,0.0445,905000.0,0.0,0.0,-0.0025,-262000.0,-275000.0,BALANCED,-10.0635
2024-10-10,UBRL,UBRL,287000.0,28.75,0.0008,1192000.0,287000.0,0.0,0.0181,25000.0,12000.0,BALANCED,12.4515
2024-10-11,UBRL,UBRL,1046000.0,34.87,0.213,2238000.0,1046000.0,0.0,0.0732,1333000.0,1058000.0,BALANCED,15.8299
2024-10-14,UBRL,UBRL,0.0,33.74,-0.0324,2238000.0,0.0,0.0,-0.006,1333000.0,1058000.0,BALANCED,9.8511
2024-10-15,UBRL,UBRL,0.0,32.35,-0.0413,2238000.0,0.0,0.0,-0.0059,1333000.0,1058000.0,BALANCED,9.8536
2024-10-16,UBRL,UBRL,0.0,31.33,-0.0315,2238000.0,0.0,0.0,0.1784,1333000.0,800000.0,BALANCED,14.4588
2024-10-17,UBRL,UBRL,0.0,29.78,-0.0494,2238000.0,0.0,0.0,-0.1636,1046000.0,1071000.0,BALANCED,5.9103
2024-10-18,UBRL,UBRL,0.0,29.2,-0.0195,2238000.0,0.0,0.0,-0.1636,0.0,1071000.0,BALANCED,-4.0897
2024-10-21,UBRL,UBRL,0.0,30.16,0.0328,2238000.0,0.0,0.0,-0.1636,0.0,1071000.0,BALANCED,-4.0897
2024-10-22,UBRL,UBRL,0.0,30.12,-0.0015,2238000.0,0.0,0.0,-0.1636,0.0,1071000.0,BALANCED,-4.0897
2024-10-23,UBRL,UBRL,297000.0,29.67,-0.0147,2535000.0,297000.0,0.0,1.1412,297000.0,1368000.0,BALANCED,40.5307
2024-10-24,UBRL,UBRL,0.0,28.59,-0.0366,2535000.0,0.0,0.0,-0.2047,297000.0,1368000.0,BALANCED,4.883
2024-10-25,UBRL,UBRL,0.0,28.01,-0.0203,2535000.0,0.0,0.0,-0.2047,297000.0,1368000.0,BALANCED,4.883
2024-10-28,UBRL,UBRL,0.0,28.06,0.0018,2535000.0,0.0,0.0,-0.2047,297000.0,1368000.0,BALANCED,4.883
2024-10-29,UBRL,UBRL,0.0,29.15,0.0389,2535000.0,0.0,0.0,-0.2047,297000.0,1368000.0,BALANCED,4.883
2024-10-30,UBRL,UBRL,0.0,29.3,0.0053,2535000.0,0.0,0.0,-0.1684,0.0,1368000.0,BALANCED,-4.2111
2024-10-31,UBRL,UBRL,239000.0,23.85,-0.1862,2774000.0,239000.0,0.0,0.8743,239000.0,1607000.0,BALANCED,33.8587
2024-11-01,UBRL,UBRL,984000.0,24.61,0.032,3758000.0,984000.0,0.0,3.3083,1223000.0,2853000.0,ACCUMULATION,96.7076
2024-11-04,UBRL,UBRL,492000.0,24.61,-0.0002,4250000.0,492000.0,0.0,1.387,1715000.0,3345000.0,BALANCED,50.6741
2024-11-05,UBRL,UBRL,0.0,25.21,0.0243,4250000.0,0.0,0.0,-0.3662,1715000.0,3345000.0,BALANCED,0.8452
2024-11-06,UBRL,UBRL,0.0,25.34,0.0054,4250000.0,0.0,0.0,-0.3662,1715000.0,3345000.0,BALANCED,0.8452
2024-11-07,UBRL,UBRL,0.0,24.5,-0.0334,4250000.0,0.0,0.0,-0.3662,1476000.0,3058000.0,BALANCED,0.8452
2024-11-08,UBRL,UBRL,712000.0,23.74,-0.031,4962000.0,712000.0,0.0,1.9451,1204000.0,2724000.0,ACCUMULATION,60.6275
2024-11-11,UBRL,UBRL,0.0,23.49,-0.0104,4962000.0,0.0,0.0,-0.4202,712000.0,2724000.0,BALANCED,-0.5062
2024-11-12,UBRL,UBRL,0.0,23.3,-0.0082,4962000.0,0.0,0.0,-0.4202,712000.0,2724000.0,BALANCED,-0.5062
2024-11-13,UBRL,UBRL,0.0,23.16,-0.0061,4962000.0,0.0,0.0,-0.4202,712000.0,2724000.0,BALANCED,-0.5062
2024-11-14,UBRL,UBRL,0.0,23.33,0.0076,4962000.0,0.0,0.0,-0.4202,712000.0,2724000.0,BALANCED,-0.5062
2024-11-15,UBRL,UBRL,0.0,24.5,0.0499,4962000.0,0.0,0.0,-0.4615,0.0,2724000.0,BALANCED,-11.5368
2024-11-18,UBRL,UBRL,0.0,21.88,-0.1068,4962000.0,0.0,0.0,-0.4615,0.0,2724000.0,BALANCED,-11.5368
2024-11-19,UBRL,UBRL,0.0,21.75,-0.006,4962000.0,0.0,0.0,-0.4615,0.0,2724000.0,BALANCED,-11.5368
2024-11-20,UBRL,UBRL,0.0,22.04,0.0134,4962000.0,0.0,0.0,-0.4615,0.0,2427000.0,BALANCED,-11.5368
2024-11-21,UBRL,UBRL,441000.0,22.06,0.0009,5403000.0,441000.0,0.0,1.0118,441000.0,2868000.0,BALANCED,37.2957
2024-11-22,UBRL,UBRL,0.0,23.22,0.0528,5403000.0,0.0,0.0,-0.4328,441000.0,2868000.0,BALANCED,-0.82
2024-11-25,UBRL,UBRL,0.0,24.46,0.0532,5403000.0,0.0,0.0,-0.4328,441000.0,2868000.0,BALANCED,-0.82
2024-11-26,UBRL,UBRL,0.0,23.22,-0.0507,5403000.0,0.0,0.0,-0.4328,441000.0,2868000.0,BALANCED,-0.82
2024-11-27,UBRL,UBRL,930000.0,23.24,0.001,6333000.0,930000.0,0.0,2.7798,1371000.0,3798000.0,ACCUMULATION,81.495
2024-11-29,UBRL,UBRL,0.0,23.45,0.0088,6333000.0,0.0,0.0,-0.4782,930000.0,3559000.0,BALANCED,-1.9547
2024-12-02,UBRL,UBRL,0.0,24.17,0.0307,6333000.0,0.0,0.0,-0.4782,930000.0,2575000.0,BALANCED,-1.9547
2024-12-03,UBRL,UBRL,230000.0,22.97,-0.0495,6563000.0,230000.0,0.0,0.3014,1160000.0,2313000.0,BALANCED,19.5359
2024-12-04,UBRL,UBRL,0.0,23.54,0.0248,6563000.0,0.0,0.0,-0.5063,1160000.0,2313000.0,BALANCED,-2.6574
2024-12-05,UBRL,UBRL,3802000.0,19.01,-0.1925,10365000.0,3802000.0,0.0,4.8753,4032000.0,6115000.0,ACCUMULATION,100.0
2024-12-06,UBRL,UBRL,974000.0,19.48,0.025,11339000.0,974000.0,0.0,0.9247,5006000.0,7089000.0,BALANCED,37.1176
2024-12-09,UBRL,UBRL,579000.0,19.28,-0.0103,11918000.0,579000.0,0.0,0.3619,5585000.0,6956000.0,BALANCED,25.0485
2024-12-10,UBRL,UBRL,376000.0,18.82,-0.024,12294000.0,376000.0,0.0,0.0691,5731000.0,7332000.0,BALANCED,19.7286
2024-12-11,UBRL,UBRL,831000.0,16.63,-0.1166,13125000.0,831000.0,0.0,0.6492,6562000.0,8163000.0,BALANCED,36.2311
2024-12-12,UBRL,UBRL,837000.0,16.75,0.0072,13962000.0,837000.0,0.0,0.6178,3597000.0,9000000.0,BALANCED,37.4451
2024-12-13,UBRL,UBRL,2229000.0,15.92,-0.0494,16191000.0,2229000.0,0.0,2.1973,4852000.0,11229000.0,ACCUMULATION,78.9319
2024-12-16,UBRL,UBRL,3218000.0,16.09,0.0105,19409000.0,3218000.0,0.0,2.8318,7491000.0,14447000.0,ACCUMULATION,96.7942
2024-12-17,UBRL,UBRL,0.0,16.5,0.0256,19409000.0,0.0,0.0,-0.5281,7115000.0,14447000.0,BALANCED,-3.2013
2024-12-18,UBRL,UBRL,2490000.0,16.6,0.0062,21899000.0,2490000.0,0.0,1.8687,8774000.0,16937000.0,ACCUMULATION,58.7185
2024-12-19,UBRL,UBRL,-160000.0,16.04,-0.0337,21739000.0,0.0,-160000.0,-0.7275,7777000.0,16777000.0,BALANCED,-10.1879
2024-12-20,UBRL,UBRL,0.0,16.31,0.0164,21739000.0,0.0,0.0,-0.5708,5548000.0,16336000.0,BALANCED,-4.271
2024-12-23,UBRL,UBRL,1184000.0,16.92,0.0375,22923000.0,1184000.0,0.0,0.57,3514000.0,17520000.0,BALANCED,26.249
2024-12-24,UBRL,UBRL,0.0,16.82,-0.0058,22923000.0,0.0,0.0,-0.583,3514000.0,17520000.0,BALANCED,-4.5752
2024-12-26,UBRL,UBRL,0.0,16.74,-0.005,22923000.0,0.0,0.0,-0.583,1024000.0,17520000.0,BALANCED,-4.5752
2024-12-27,UBRL,UBRL,0.0,16.49,-0.0149,22923000.0,0.0,0.0,-0.583,1184000.0,16590000.0,BALANCED,-4.5752
2024-12-30,UBRL,UBRL,-326000.0,16.29,-0.0118,22597000.0,0.0,-326000.0,-0.8828,858000.0,16264000.0,BALANCED,-14.0698
2024-12-31,UBRL,UBRL,0.0,16.04,-0.0154,22597000.0,0.0,0.0,-0.5679,-326000.0,16264000.0,BALANCED,-24.1966
2025-01-02,UBRL,UBRL,-351000.0,17.55,0.0939,22246000.0,0.0,-351000.0,-0.8881,-677000.0,15683000.0,BALANCED,-34.2019
2025-01-03,UBRL,UBRL,0.0,18.32,0.044,22246000.0,0.0,0.0,-0.5519,-677000.0,15683000.0,BALANCED,-23.7965
2025-01-06,UBRL,UBRL,579000.0,19.3,0.0533,22825000.0,579000.0,0.0,-0.0158,-98000.0,12460000.0,BALANCED,-8.3957
2025-01-07,UBRL,UBRL,768000.0,19.2,-0.0051,23593000.0,768000.0,0.0,0.1557,996000.0,12254000.0,BALANCED,17.8924
2025-01-08,UBRL,UBRL,0.0,18.47,-0.038,23593000.0,0.0,0.0,-0.5839,996000.0,11675000.0,BALANCED,-4.5986
2025-01-10,UBRL,UBRL,0.0,19.06,0.0319,23593000.0,0.0,0.0,-0.5839,1347000.0,11299000.0,BALANCED,-4.5986
2025-01-13,UBRL,UBRL,0.0,18.91,-0.0082,23593000.0,0.0,0.0,-0.5839,1347000.0,10468000.0,BALANCED,-4.5986
2025-01-14,UBRL,UBRL,0.0,18.41,-0.0264,23593000.0,0.0,0.0,-0.552,768000.0,9631000.0,BALANCED,-3.8007
2025-01-15,UBRL,UBRL,0.0,19.64,0.0671,23593000.0,0.0,0.0,-0.552,0.0,7402000.0,BALANCED,-13.8007
2025-01-16,UBRL,UBRL,0.0,20.55,0.0463,23593000.0,0.0,0.0,-0.552,0.0,4184000.0,BALANCED,-13.8007
2025-01-17,UBRL,UBRL,0.0,19.78,-0.0373,23593000.0,0.0,0.0,-0.5429,0.0,4184000.0,BALANCED,-13.5716
2025-01-21,UBRL,UBRL,0.0,20.02,0.012,23593000.0,0.0,0.0,-0.5429,0.0,1694000.0,BALANCED,-13.5716
2025-01-22,UBRL,UBRL,0.0,20.06,0.0021,23593000.0,0.0,0.0,-0.5171,0.0,1854000.0,BALANCED,-12.9263
2025-01-23,UBRL,UBRL,0.0,20.34,0.014,23593000.0,0.0,0.0,-0.4804,0.0,1854000.0,BALANCED,-12.0092
2025-01-24,UBRL,UBRL,0.0,20.48,0.0067,23593000.0,0.0,0.0,-0.4563,0.0,670000.0,BALANCED,-11.4073
2025-01-27,UBRL,UBRL,0.0,20.61,0.0061,23593000.0,0.0,0.0,-0.4401,0.0,670000.0,BALANCED,-11.0018
2025-01-28,UBRL,UBRL,0.0,20.18,-0.0205,23593000.0,0.0,0.0,-0.4086,0.0,670000.0,BALANCED,-10.2138
2025-01-29,UBRL,UBRL,0.0,19.39,-0.0391,23593000.0,0.0,0.0,-0.3771,0.0,670000.0,BALANCED,-9.4283
2025-01-30,UBRL,UBRL,965000.0,19.3,-0.005,24558000.0,965000.0,0.0,0.8773,965000.0,1961000.0,BALANCED,33.9335
2025-01-31,UBRL,UBRL,0.0,19.43,0.007,24558000.0,0.0,0.0,-0.3111,965000.0,1961000.0,BALANCED,2.2237
2025-02-03,UBRL,UBRL,0.0,19.69,0.0131,24558000.0,0.0,0.0,-0.3111,965000.0,2312000.0,BALANCED,2.2237
2025-02-04,UBRL,UBRL,0.0,21.13,0.0732,24558000.0,0.0,0.0,-0.2636,965000.0,2312000.0,BALANCED,3.4088
2025-02-05,UBRL,UBRL,13081000.0,17.92,-0.1518,37639000.0,13081000.0,0.0,5.2432,14046000.0,14814000.0,ACCUMULATION,100.0
2025-02-06,UBRL,UBRL,0.0,20.97,0.1704,37639000.0,0.0,0.0,-0.2214,13081000.0,14046000.0,BALANCED,4.4648
2025-02-07,UBRL,UBRL,-6876000.0,23.71,0.1305,30763000.0,0.0,-6876000.0,-2.6006,6205000.0,7170000.0,DISTRIBUTION,-57.016
2025-02-10,UBRL,UBRL,-526000.0,26.27,0.1082,30237000.0,0.0,-526000.0,-0.2801,5679000.0,6644000.0,BALANCED,-1.0036
2025-02-11,UBRL,UBRL,0.0,25.15,-0.043,30237000.0,0.0,0.0,-0.0887,5679000.0,6644000.0,BALANCED,7.7819
2025-02-12,UBRL,UBRL,1335000.0,26.71,0.0623,31572000.0,1335000.0,0.0,0.38,-6067000.0,7979000.0,BALANCED,1.4996
2025-02-13,UBRL,UBRL,-9294000.0,27.34,0.0234,22278000.0,0.0,-9294000.0,-2.8449,-15361000.0,-1315000.0,DISTRIBUTION,-83.1217
2025-02-14,UBRL,UBRL,0.0,26.72,-0.0227,22278000.0,0.0,0.0,0.0033,-8485000.0,-1315000.0,BALANCED,-9.9185
2025-02-18,UBRL,UBRL,0.0,28.11,0.0522,22278000.0,0.0,0.0,-0.0003,-7959000.0,-1315000.0,BALANCED,-10.0082
2025-02-19,UBRL,UBRL,-1115000.0,27.88,-0.0083,21163000.0,0.0,-1115000.0,-0.33,-9074000.0,-2430000.0,BALANCED,-20.2512
2025-02-20,UBRL,UBRL,-1956000.0,27.94,0.0022,19207000.0,0.0,-1956000.0,-0.5587,-12365000.0,-4386000.0,BALANCED,-27.9672
2025-02-21,UBRL,UBRL,-1051000.0,26.29,-0.0591,18156000.0,0.0,-1051000.0,-0.2648,-4122000.0,-5437000.0,BALANCED,-22.6192
2025-02-24,UBRL,UBRL,-1971000.0,24.64,-0.0627,16185000.0,0.0,-1971000.0,-0.5223,-6093000.0,-7408000.0,BALANCED,-31.0574
2025-02-25,UBRL,UBRL,-1658000.0,23.68,-0.0387,14527000.0,0.0,-1658000.0,-0.4095,-7751000.0,-9066000.0,BALANCED,-30.2385
2025-02-26,UBRL,UBRL,0.0,24.26,0.0243,14527000.0,0.0,0.0,0.0913,-6636000.0,-9066000.0,BALANCED,-7.7179
2025-02-27,UBRL,UBRL,0.0,23.19,-0.0441,14527000.0,0.0,0.0,0.0913,-4680000.0,-9066000.0,BALANCED,-7.7179
2025-02-28,UBRL,UBRL,0.0,24.3,0.0477,14527000.0,0.0,0.0,0.0913,-3629000.0,-10031000.0,BALANCED,-7.7179
2025-03-03,UBRL,UBRL,0.0,23.29,-0.0414,14527000.0,0.0,0.0,0.0913,-1658000.0,-10031000.0,BALANCED,-7.7179
2025-03-04,UBRL,UBRL,0.0,23.8,0.0218,14527000.0,0.0,0.0,0.0913,0.0,-10031000.0,BALANCED,2.2821
2025-03-05,UBRL,UBRL,-983000.0,24.57,0.0322,13544000.0,0.0,-983000.0,-0.1956,-983000.0,-11014000.0,BALANCED,-16.8911
2025-03-06,UBRL,UBRL,0.0,23.59,-0.0399,13544000.0,0.0,0.0,0.1011,-983000.0,-24095000.0,BALANCED,-7.4718
2025-03-07,UBRL,UBRL,0.0,24.39,0.0341,13544000.0,0.0,0.0,0.1011,-983000.0,-24095000.0,BALANCED,-7.4718
2025-03-10,UBRL,UBRL,0.0,22.33,-0.0844,13544000.0,0.0,0.0,0.1011,-983000.0,-17219000.0,BALANCED,-7.4718
2025-03-11,UBRL,UBRL,0.0,20.86,-0.0661,13544000.0,0.0,0.0,0.1011,-983000.0,-16693000.0,BALANCED,-7.4718
2025-03-12,UBRL,UBRL,0.0,21.18,0.0153,13544000.0,0.0,0.0,0.1011,0.0,-16693000.0,BALANCED,2.5282
2025-03-13,UBRL,UBRL,0.0,20.17,-0.0477,13544000.0,0.0,0.0,0.1011,0.0,-18028000.0,BALANCED,2.5282
2025-03-14,UBRL,UBRL,0.0,21.33,0.0578,13544000.0,0.0,0.0,0.1111,0.0,-8734000.0,BALANCED,2.778
2025-03-17,UBRL,UBRL,0.0,22.03,0.0329,13544000.0,0.0,0.0,0.1111,0.0,-8734000.0,BALANCED,2.778
2025-03-18,UBRL,UBRL,0.0,21.31,-0.0326,13544000.0,0.0,0.0,0.1111,0.0,-8734000.0,BALANCED,2.778
2025-03-19,UBRL,UBRL,0.0,22.18,0.0408,13544000.0,0.0,0.0,0.1111,0.0,-7619000.0,BALANCED,2.778
2025-03-20,UBRL,UBRL,0.0,22.99,0.0362,13544000.0,0.0,0.0,0.3791,0.0,-5663000.0,BALANCED,9.4786
2025-03-21,UBRL,UBRL,0.0,23.89,0.0392,13544000.0,0.0,0.0,0.3791,0.0,-4612000.0,BALANCED,9.4786
2025-03-24,UBRL,UBRL,0.0,24.31,0.0176,13544000.0,0.0,0.0,0.3217,0.0,-2641000.0,BALANCED,8.0419
2025-03-25,UBRL,UBRL,0.0,23.73,-0.0237,13544000.0,0.0,0.0,0.3113,0.0,-983000.0,BALANCED,7.7829
2025-03-26,UBRL,UBRL,0.0,22.83,-0.0381,13544000.0,0.0,0.0,0.3113,0.0,-983000.0,BALANCED,7.7829
2025-03-27,UBRL,UBRL,0.0,23.24,0.0181,13544000.0,0.0,0.0,0.3424,0.0,-983000.0,BALANCED,8.5604
2025-03-28,UBRL,UBRL,0.0,21.91,-0.0571,13544000.0,0.0,0.0,0.4678,0.0,-983000.0,BALANCED,11.6955
2025-03-31,UBRL,UBRL,0.0,21.98,0.003,13544000.0,0.0,0.0,0.4678,0.0,-983000.0,BALANCED,11.6955
2025-04-01,UBRL,UBRL,-221000.0,22.05,0.0034,13323000.0,0.0,-221000.0,0.125,-221000.0,-1204000.0,BALANCED,-8.8753
2025-04-02,UBRL,UBRL,0.0,22.96,0.0411,13323000.0,0.0,0.0,0.4337,-221000.0,-221000.0,BALANCED,0.8419
2025-04-03,UBRL,UBRL,0.0,20.08,-0.1253,13323000.0,0.0,0.0,0.3831,-221000.0,-221000.0,BALANCED,-0.4215
2025-04-04,UBRL,UBRL,1023000.0,17.06,-0.1506,14346000.0,1023000.0,0.0,2.1611,802000.0,802000.0,ACCUMULATION,66.0285
2025-04-07,UBRL,UBRL,-352000.0,17.6,0.0315,13994000.0,0.0,-352000.0,-0.6875,450000.0,450000.0,BALANCED,-9.1881
2025-04-08,UBRL,UBRL,0.0,17.29,-0.0175,13994000.0,0.0,0.0,0.0649,671000.0,450000.0,BALANCED,11.6215
2025-04-09,UBRL,UBRL,0.0,21.32,0.233,13994000.0,0.0,0.0,0.0649,671000.0,450000.0,BALANCED,11.6215
2025-04-10,UBRL,UBRL,-406000.0,20.29,-0.0481,13588000.0,0.0,-406000.0,-1.3245,265000.0,44000.0,BALANCED,-25.1119
2025-04-11,UBRL,UBRL,0.0,21.04,0.0369,13588000.0,0.0,0.0,0.1106,-758000.0,44000.0,BALANCED,-7.234
2025-04-14,UBRL,UBRL,-1076000.0,21.51,0.0226,12512000.0,0.0,-1076000.0,-2.9582,-1482000.0,-1032000.0,DISTRIBUTION,-85.9539
2025-04-15,UBRL,UBRL,-882000.0,22.05,0.025,11630000.0,0.0,-882000.0,-2.1132,-2364000.0,-1914000.0,DISTRIBUTION,-66.8292
2025-04-16,UBRL,UBRL,-1074000.0,21.47,-0.0262,10556000.0,0.0,-1074000.0,-2.5679,-3438000.0,-2988000.0,DISTRIBUTION,-80.1967
2025-04-17,UBRL,UBRL,0.0,22.73,0.0584,10556000.0,0.0,0.0,0.2625,-3032000.0,-2988000.0,BALANCED,-3.438
2025-04-21,UBRL,UBRL,0.0,21.32,-0.0618,10556000.0,0.0,0.0,0.2625,-3032000.0,-2988000.0,BALANCED,-3.438
2025-04-22,UBRL,UBRL,-888000.0,22.21,0.0415,9668000.0,0.0,-888000.0,-1.8727,-2844000.0,-3876000.0,DISTRIBUTION,-58.8182
2025-04-23,UBRL,UBRL,0.0,21.8,-0.0184,9668000.0,0.0,0.0,0.3189,-1962000.0,-3876000.0,BALANCED,-2.0283
2025-04-24,UBRL,UBRL,0.0,24.36,0.1172,9668000.0,0.0,0.0,0.3189,-888000.0,-3876000.0,BALANCED,-2.0283
2025-04-25,UBRL,UBRL,0.0,24.12,-0.0097,9668000.0,0.0,0.0,0.3189,-888000.0,-3876000.0,BALANCED,-2.0283
2025-04-28,UBRL,UBRL,-245000.0,24.48,0.0148,9423000.0,0.0,-245000.0,-0.2658,-1133000.0,-4121000.0,BALANCED,-18.6447
2025-04-29,UBRL,UBRL,0.0,25.15,0.0276,9423000.0,0.0,0.0,0.3392,-245000.0,-4121000.0,BALANCED,-1.5197
2025-04-30,UBRL,UBRL,0.0,26.15,0.0398,9423000.0,0.0,0.0,0.3392,-245000.0,-3900000.0,BALANCED,-1.5197
2025-05-01,UBRL,UBRL,0.0,26.07,-0.0032,9423000.0,0.0,0.0,0.3392,-245000.0,-3900000.0,BALANCED,-1.5197
2025-05-02,UBRL,UBRL,0.0,28.24,0.0831,9423000.0,0.0,0.0,0.3392,-245000.0,-3900000.0,BALANCED,-1.5197
2025-05-05,UBRL,UBRL,580000.0,29.0,0.0272,10003000.0,580000.0,0.0,1.6421,580000.0,-4343000.0,ACCUMULATION,53.0523
2025-05-06,UBRL,UBRL,0.0,29.27,0.0092,10003000.0,0.0,0.0,0.2777,580000.0,-3991000.0,BALANCED,16.9417
2025-05-07,UBRL,UBRL,278000.0,27.77,-0.0512,10281000.0,278000.0,0.0,0.8979,858000.0,-3713000.0,BALANCED,34.4477
2025-05-08,UBRL,UBRL,0.0,26.87,-0.0325,10281000.0,0.0,0.0,0.2525,858000.0,-3713000.0,BALANCED,16.3127
2025-05-09,UBRL,UBRL,0.0,27.18,0.0117,10281000.0,0.0,0.0,0.2525,858000.0,-3307000.0,BALANCED,16.3127
2025-05-12,UBRL,UBRL,0.0,30.65,0.1276,10281000.0,0.0,0.0,0.2525,278000.0,-3307000.0,BALANCED,16.3127
2025-05-13,UBRL,UBRL,0.0,33.16,0.082,10281000.0,0.0,0.0,0.2525,278000.0,-2231000.0,BALANCED,16.3127
2025-05-14,UBRL,UBRL,0.0,32.21,-0.0288,10281000.0,0.0,0.0,0.2355,0.0,-1349000.0,BALANCED,5.8865
2025-05-15,UBRL,UBRL,0.0,32.02,-0.0057,10281000.0,0.0,0.0,0.2355,0.0,-275000.0,BALANCED,5.8865
2025-05-16,UBRL,UBRL,0.0,33.16,0.0354,10281000.0,0.0,0.0,0.2355,0.0,-275000.0,BALANCED,5.8865
2025-05-19,UBRL,UBRL,0.0,33.64,0.0145,10281000.0,0.0,0.0,0.3608,0.0,-275000.0,BALANCED,9.0209
2025-05-20,UBRL,UBRL,0.0,33.2,-0.0129,10281000.0,0.0,0.0,0.3309,0.0,613000.0,BALANCED,8.2729
2025-05-21,UBRL,UBRL,0.0,30.88,-0.07,10281000.0,0.0,0.0,0.3309,0.0,613000.0,BALANCED,8.2729
2025-05-22,UBRL,UBRL,-1824000.0,30.41,-0.0153,8457000.0,0.0,-1824000.0,-3.3803,-1824000.0,-1211000.0,DISTRIBUTION,-96.5083
2025-05-23,UBRL,UBRL,0.0,30.2,-0.0066,8457000.0,0.0,0.0,0.3532,-1824000.0,-1211000.0,BALANCED,-1.1704
2025-05-27,UBRL,UBRL,0.0,31.06,0.0285,8457000.0,0.0,0.0,0.3532,-1824000.0,-966000.0,BALANCED,-1.1704
2025-05-28,UBRL,UBRL,0.0,30.54,-0.0168,8457000.0,0.0,0.0,0.2978,-1824000.0,-966000.0,BALANCED,-2.5539
2025-05-29,UBRL,UBRL,0.0,27.78,-0.0903,8457000.0,0.0,0.0,0.2449,-1824000.0,-966000.0,BALANCED,-3.8764
2025-05-30,UBRL,UBRL,0.0,27.67,-0.004,8457000.0,0.0,0.0,0.1788,0.0,-966000.0,BALANCED,4.4691
2025-06-02,UBRL,UBRL,0.0,27.33,-0.0124,8457000.0,0.0,0.0,0.1788,0.0,-966000.0,BALANCED,4.4691
2025-06-03,UBRL,UBRL,0.0,26.6,-0.0267,8457000.0,0.0,0.0,0.1788,0.0,-1546000.0,BALANCED,4.4691
2025-06-04,UBRL,UBRL,0.0,27.18,0.0221,8457000.0,0.0,0.0,0.1122,0.0,-1546000.0,BALANCED,2.8057
2025-06-05,UBRL,UBRL,0.0,27.98,0.0291,8457000.0,0.0,0.0,0.1122,0.0,-1824000.0,BALANCED,2.8057
2025-06-06,UBRL,UBRL,0.0,28.57,0.0212,8457000.0,0.0,0.0,0.1122,0.0,-1824000.0,BALANCED,2.8057
2025-06-09,UBRL,UBRL,0.0,29.58,0.0354,8457000.0,0.0,0.0,0.1122,0.0,-1824000.0,BALANCED,2.8057
2025-06-10,UBRL,UBRL,0.0,29.08,-0.017,8457000.0,0.0,0.0,0.09,0.0,-1824000.0,BALANCED,2.2508
2025-06-11,UBRL,UBRL,0.0,29.2,0.0042,8457000.0,0.0,0.0,0.09,0.0,-1824000.0,BALANCED,2.2508
2025-06-12,UBRL,UBRL,0.0,28.55,-0.0223,8457000.0,0.0,0.0,0.09,0.0,-1824000.0,BALANCED,2.2508
2025-06-13,UBRL,UBRL,0.0,27.4,-0.0402,8457000.0,0.0,0.0,0.09,0.0,-1824000.0,BALANCED,2.2508
2025-06-16,UBRL,UBRL,0.0,28.17,0.0282,8457000.0,0.0,0.0,0.09,0.0,-1824000.0,BALANCED,2.2508
2025-06-17,UBRL,UBRL,23429000.0,27.89,-0.01,31886000.0,23429000.0,0.0,5.2782,23429000.0,21605000.0,ACCUMULATION,100.0
2025-06-18,UBRL,UBRL,-22690000.0,27.01,-0.0315,9196000.0,0.0,-22690000.0,-3.736,739000.0,-1085000.0,DISTRIBUTION,-85.4003
2025-06-20,UBRL,UBRL,23105000.0,27.18,0.0063,32301000.0,23105000.0,0.0,3.0262,23844000.0,22020000.0,ACCUMULATION,87.6559
2025-06-23,UBRL,UBRL,-23906000.0,28.12,0.0347,8395000.0,0.0,-23906000.0,-2.7549,-62000.0,-62000.0,DISTRIBUTION,-80.872
2025-06-24,UBRL,UBRL,27466000.0,32.31,0.1489,35861000.0,27466000.0,0.0,2.659,27404000.0,27404000.0,ACCUMULATION,78.4762
2025-06-25,UBRL,UBRL,-27010000.0,31.78,-0.0166,8851000.0,0.0,-27010000.0,-2.4012,-23035000.0,394000.0,DISTRIBUTION,-72.0312
2025-06-26,UBRL,UBRL,1000000.0,33.32,0.0486,9851000.0,1000000.0,0.0,0.0903,655000.0,1394000.0,BALANCED,14.2581
2025-06-27,UBRL,UBRL,56469000.0,32.08,-0.0371,66320000.0,56469000.0,0.0,3.5812,34019000.0,57863000.0,ACCUMULATION,100.0
2025-06-30,UBRL,UBRL,-58639000.0,33.32,0.0384,7681000.0,0.0,-58639000.0,-3.1092,-714000.0,-776000.0,DISTRIBUTION,-89.7309
2025-07-01,UBRL,UBRL,0.0,32.48,-0.025,7681000.0,0.0,0.0,0.0046,-28180000.0,-776000.0,BALANCED,-9.8849
2025-07-02,UBRL,UBRL,0.0,32.42,-0.0019,7681000.0,0.0,0.0,0.0046,-1170000.0,-776000.0,BALANCED,-9.8849
2025-07-03,UBRL,UBRL,0.0,33.5,0.0333,7681000.0,0.0,0.0,0.0046,-2170000.0,-776000.0,BALANCED,-9.8849
2025-07-07,UBRL,UBRL,0.0,35.68,0.065,7681000.0,0.0,0.0,0.0046,-58639000.0,-776000.0,BALANCED,-9.8849
2025-07-08,UBRL,UBRL,0.0,36.26,0.0163,7681000.0,0.0,0.0,0.0014,0.0,-776000.0,BALANCED,0.0343
2025-07-09,UBRL,UBRL,1425000.0,35.63,-0.0174,9106000.0,1425000.0,0.0,0.0745,1425000.0,649000.0,BALANCED,13.8631
2025-07-10,UBRL,UBRL,0.0,35.44,-0.0052,9106000.0,0.0,0.0,-0.0011,1425000.0,649000.0,BALANCED,9.9713
2025-07-11,UBRL,UBRL,0.0,34.68,-0.0217,9106000.0,0.0,0.0,-0.0011,1425000.0,649000.0,BALANCED,9.9713
2025-07-14,UBRL,UBRL,-336000.0,33.58,-0.0315,8770000.0,0.0,-336000.0,-0.0184,1089000.0,313000.0,BALANCED,7.5401
2025-07-15,UBRL,UBRL,0.0,32.37,-0.036,8770000.0,0.0,0.0,-0.0006,1089000.0,313000.0,BALANCED,9.9861
2025-07-16,UBRL,UBRL,0.0,31.34,-0.0318,8770000.0,0.0,0.0,-0.0006,-336000.0,313000.0,BALANCED,-10.0139
2025-07-17,UBRL,UBRL,0.0,31.17,-0.0057,8770000.0,0.0,0.0,-0.0006,-336000.0,-23116000.0,BALANCED,-10.0139
2025-07-18,UBRL,UBRL,0.0,31.21,0.0013,8770000.0,0.0,0.0,-0.0006,-336000.0,-426000.0,BALANCED,-10.0139
2025-07-21,UBRL,UBRL,-3159000.0,31.59,0.0124,5611000.0,0.0,-3159000.0,-0.1626,-3159000.0,-26690000.0,BALANCED,-16.066
2025-07-22,UBRL,UBRL,0.0,32.02,0.0136,5611000.0,0.0,0.0,0.005,-3159000.0,-2784000.0,BALANCED,-9.8741
2025-07-23,UBRL,UBRL,1536000.0,30.73,-0.0405,7147000.0,1536000.0,0.0,0.0838,-1623000.0,-28714000.0,BALANCED,-5.9041
2025-07-24,UBRL,UBRL,0.0,31.36,0.0205,7147000.0,0.0,0.0,0.0023,-1623000.0,-1704000.0,BALANCED,-9.9421
2025-07-25,UBRL,UBRL,0.0,31.62,0.0086,7147000.0,0.0,0.0,0.0023,-1623000.0,-2704000.0,BALANCED,-9.9421
2025-07-28,UBRL,UBRL,0.0,31.15,-0.0151,7147000.0,0.0,0.0,0.0023,1536000.0,-59173000.0,BALANCED,10.0579
2025-07-29,UBRL,UBRL,2300000.0,28.75,-0.0771,9447000.0,2300000.0,0.0,0.1203,3836000.0,1766000.0,BALANCED,15.0071
2025-07-30,UBRL,UBRL,0.0,29.09,0.012,9447000.0,0.0,0.0,-0.0018,2300000.0,1766000.0,BALANCED,9.9562
2025-07-31,UBRL,UBRL,0.0,29.16,0.0023,9447000.0,0.0,0.0,0.0408,2300000.0,1766000.0,BALANCED,11.0206
2025-08-01,UBRL,UBRL,0.0,28.58,-0.0199,9447000.0,0.0,0.0,-0.0005,2300000.0,1766000.0,BALANCED,9.9883
2025-08-04,UBRL,UBRL,0.0,29.57,0.0349,9447000.0,0.0,0.0,0.044,2300000.0,1766000.0,BALANCED,11.1004
2025-08-05,UBRL,UBRL,0.0,30.21,0.0215,9447000.0,0.0,0.0,-0.0021,0.0,1766000.0,BALANCED,-0.0524
2025-08-06,UBRL,UBRL,1505000.0,30.09,-0.004,10952000.0,1505000.0,0.0,0.1466,1505000.0,1846000.0,BALANCED,15.6649
2025-08-07,UBRL,UBRL,2269000.0,32.41,0.0771,13221000.0,2269000.0,0.0,0.1402,3774000.0,4115000.0,BALANCED,17.5042
2025-08-08,UBRL,UBRL,3626000.0,30.21,-0.0678,16847000.0,3626000.0,0.0,0.2238,7400000.0,7741000.0,BALANCED,21.5946
2025-08-11,UBRL,UBRL,-618000.0,30.9,0.0227,16229000.0,0.0,-618000.0,0.0972,6782000.0,7459000.0,BALANCED,10.4298
2025-08-12,UBRL,UBRL,1267000.0,31.68,0.0252,17496000.0,1267000.0,0.0,0.8093,8049000.0,8726000.0,BALANCED,32.2325
2025-08-13,UBRL,UBRL,0.0,31.05,-0.0198,17496000.0,0.0,0.0,-0.2817,6544000.0,8726000.0,BALANCED,2.9568
2025-08-14,UBRL,UBRL,-314000.0,31.43,0.0123,17182000.0,0.0,-314000.0,-0.541,3961000.0,8412000.0,BALANCED,-5.5256
2025-08-15,UBRL,UBRL,0.0,32.23,0.0255,17182000.0,0.0,0.0,-0.2717,335000.0,8412000.0,BALANCED,3.2082
2025-08-18,UBRL,UBRL,-2323000.0,33.19,0.0297,14859000.0,0.0,-2323000.0,-2.0323,-1370000.0,9248000.0,DISTRIBUTION,-62.8068
2025-08-19,UBRL,UBRL,0.0,34.13,0.0283,14859000.0,0.0,0.0,-0.1898,-2637000.0,9248000.0,BALANCED,-14.7444
2025-08-20,UBRL,UBRL,0.0,32.99,-0.0335,14859000.0,0.0,0.0,-0.1545,-2637000.0,7712000.0,BALANCED,-13.8623
2025-08-21,UBRL,UBRL,-2666000.0,33.33,0.0104,12193000.0,0.0,-2666000.0,-2.0564,-4989000.0,5046000.0,DISTRIBUTION,-63.4112
2025-08-22,UBRL,UBRL,0.0,35.11,0.0536,12193000.0,0.0,0.0,-0.0764,-4989000.0,5046000.0,BALANCED,-11.9106
2025-08-25,UBRL,UBRL,0.0,33.93,-0.0338,12193000.0,0.0,0.0,-0.0849,-2666000.0,5046000.0,BALANCED,-12.1223
2025-08-26,UBRL,UBRL,0.0,34.9,0.0286,12193000.0,0.0,0.0,-0.0849,-2666000.0,2746000.0,BALANCED,-12.1223
2025-08-27,UBRL,UBRL,0.0,34.03,-0.0251,12193000.0,0.0,0.0,-0.0849,-2666000.0,2746000.0,BALANCED,-12.1223
2025-08-28,UBRL,UBRL,0.0,34.47,0.013,12193000.0,0.0,0.0,-0.0849,0.0,2746000.0,BALANCED,-2.1223
2025-08-29,UBRL,UBRL,0.0,32.85,-0.0469,12193000.0,0.0,0.0,-0.0849,0.0,2746000.0,BALANCED,-2.1223
2025-09-02,UBRL,UBRL,0.0,32.19,-0.0201,12193000.0,0.0,0.0,-0.1837,0.0,2746000.0,BALANCED,-4.5931
2025-09-03,UBRL,UBRL,0.0,32.27,0.0026,12193000.0,0.0,0.0,-0.1837,0.0,2746000.0,BALANCED,-4.5931
2025-09-04,UBRL,UBRL,0.0,31.6,-0.0208,12193000.0,0.0,0.0,-0.144,0.0,1241000.0,BALANCED,-3.5988
2025-09-05,UBRL,UBRL,0.0,30.9,-0.0223,12193000.0,0.0,0.0,-0.144,0.0,-1028000.0,BALANCED,-3.5988
2025-09-08,UBRL,UBRL,0.0,33.18,0.074,12193000.0,0.0,0.0,-0.144,0.0,-4654000.0,BALANCED,-3.5988
2025-09-09,UBRL,UBRL,0.0,33.94,0.0229,12193000.0,0.0,0.0,-0.144,0.0,-4036000.0,BALANCED,-3.5988
2025-09-10,UBRL,UBRL,-1322000.0,33.05,-0.0262,10871000.0,0.0,-1322000.0,-1.2152,-1322000.0,-6625000.0,BALANCED,-42.3797
2025-09-11,UBRL,UBRL,0.0,33.38,0.0098,10871000.0,0.0,0.0,-0.0421,-1322000.0,-6625000.0,BALANCED,-11.053
2025-09-12,UBRL,UBRL,-1710000.0,34.2,0.0248,9161000.0,0.0,-1710000.0,-1.4512,-3032000.0,-8021000.0,BALANCED,-48.2791
2025-09-15,UBRL,UBRL,-3994000.0,36.31,0.0616,5167000.0,0.0,-3994000.0,-2.7924,-7026000.0,-12015000.0,DISTRIBUTION,-83.8106
2025-09-16,UBRL,UBRL,0.0,35.55,-0.0209,5167000.0,0.0,0.0,0.1034,-7026000.0,-9692000.0,BALANCED,-7.414
2025-09-17,UBRL,UBRL,1920000.0,32.0,-0.0999,7087000.0,1920000.0,0.0,1.398,-3784000.0,-7772000.0,BALANCED,26.9496
2025-09-18,UBRL,UBRL,0.0,33.19,0.0374,7087000.0,0.0,0.0,0.0921,-3784000.0,-7772000.0,BALANCED,-7.6965
2025-09-19,UBRL,UBRL,0.0,35.84,0.0797,7087000.0,0.0,0.0,0.1545,-2074000.0,-5106000.0,BALANCED,-6.1376
2025-09-22,UBRL,UBRL,0.0,36.48,0.0178,7087000.0,0.0,0.0,0.2931,1920000.0,-5106000.0,BALANCED,17.328
2025-09-23,UBRL,UBRL,0.0,35.3,-0.0322,7087000.0,0.0,0.0,0.2745,1920000.0,-5106000.0,BALANCED,16.8632
2025-09-24,UBRL,UBRL,0.0,35.28,-0.0006,7087000.0,0.0,0.0,0.3238,0.0,-5106000.0,BALANCED,8.0946
2025-09-25,UBRL,UBRL,0.0,35.14,-0.0039,7087000.0,0.0,0.0,0.3238,0.0,-5106000.0,BALANCED,8.0946
2025-09-26,UBRL,UBRL,0.0,35.73,0.0168,7087000.0,0.0,0.0,0.3135,0.0,-5106000.0,BALANCED,7.8368
2025-09-29,UBRL,UBRL,0.0,36.54,0.0226,7087000.0,0.0,0.0,0.3135,0.0,-5106000.0,BALANCED,7.8368
2025-09-30,UBRL,UBRL,0.0,35.35,-0.0326,7087000.0,0.0,0.0,0.2573,0.0,-5106000.0,BALANCED,6.432
2025-10-01,UBRL,UBRL,0.0,34.37,-0.0277,7087000.0,0.0,0.0,0.2573,0.0,-5106000.0,BALANCED,6.432
2025-10-02,UBRL,UBRL,0.0,34.36,-0.0002,7087000.0,0.0,0.0,0.2573,0.0,-5106000.0,BALANCED,6.432
2025-10-03,UBRL,UBRL,0.0,34.33,-0.0009,7087000.0,0.0,0.0,0.1893,0.0,-5106000.0,BALANCED,4.7327
2025-10-06,UBRL,UBRL,0.0,36.81,0.0723,7087000.0,0.0,0.0,0.1893,0.0,-5106000.0,BALANCED,4.7327
2025-10-07,UBRL,UBRL,0.0,35.12,-0.0461,7087000.0,0.0,0.0,0.1893,0.0,-5106000.0,BALANCED,4.7327
2025-10-08,UBRL,UBRL,-2170000.0,36.17,0.0301,4917000.0,0.0,-2170000.0,-1.9882,-2170000.0,-5954000.0,DISTRIBUTION,-61.7058
2025-10-09,UBRL,UBRL,0.0,33.78,-0.0662,4917000.0,0.0,0.0,0.2502,-2170000.0,-5954000.0,BALANCED,-3.7455
2025-10-10,UBRL,UBRL,0.0,31.92,-0.055,4917000.0,0.0,0.0,0.2502,-2170000.0,-4244000.0,BALANCED,-3.7455
2025-10-13,UBRL,UBRL,0.0,32.39,0.0147,4917000.0,0.0,0.0,0.2502,-2170000.0,-250000.0,BALANCED,-3.7455
2025-10-14,UBRL,UBRL,650000.0,32.5,0.0034,5567000.0,650000.0,0.0,0.8866,-1520000.0,400000.0,BALANCED,14.1657
2025-10-15,UBRL,UBRL,1307000.0,32.68,0.0055,6874000.0,1307000.0,0.0,1.4543,1957000.0,-213000.0,BALANCED,50.3587
2025-10-16,UBRL,UBRL,0.0,31.29,-0.0426,6874000.0,0.0,0.0,0.1737,1957000.0,-213000.0,BALANCED,14.3431
2025-10-17,UBRL,UBRL,0.0,31.12,-0.0054,6874000.0,0.0,0.0,0.1737,1957000.0,-213000.0,BALANCED,14.3431
2025-10-20,UBRL,UBRL,0.0,32.06,0.0302,6874000.0,0.0,0.0,0.1737,1957000.0,-213000.0,BALANCED,14.3431
2025-10-21,UBRL,UBRL,0.0,31.59,-0.0145,6874000.0,0.0,0.0,0.1737,1307000.0,-213000.0,BALANCED,14.3431
2025-10-22,UBRL,UBRL,0.0,31.03,-0.0179,6874000.0,0.0,0.0,0.1335,0.0,-213000.0,BALANCED,3.3383
2025-10-23,UBRL,UBRL,0.0,32.64,0.0518,6874000.0,0.0,0.0,0.1335,0.0,-213000.0,BALANCED,3.3383
2025-10-24,UBRL,UBRL,0.0,32.24,-0.0121,6874000.0,0.0,0.0,0.08,0.0,-213000.0,BALANCED,2.0011
2025-10-27,UBRL,UBRL,0.0,33.85,0.0499,6874000.0,0.0,0.0,-0.0949,0.0,-213000.0,BALANCED,-2.3721
2025-10-28,UBRL,UBRL,0.0,33.15,-0.0207,6874000.0,0.0,0.0,-0.0949,0.0,-213000.0,BALANCED,-2.3721
2025-10-29,UBRL,UBRL,0.0,33.37,0.0067,6874000.0,0.0,0.0,0.0146,0.0,-213000.0,BALANCED,0.3655
2025-10-30,UBRL,UBRL,0.0,33.87,0.015,6874000.0,0.0,0.0,0.0146,0.0,-213000.0,BALANCED,0.3655
2025-10-31,UBRL,UBRL,339000.0,33.86,-0.0004,7213000.0,339000.0,0.0,0.6837,339000.0,126000.0,BALANCED,29.0925
2025-11-03,UBRL,UBRL,722000.0,36.12,0.0666,7935000.0,722000.0,0.0,1.3685,1061000.0,848000.0,BALANCED,48.2136
2025-11-04,UBRL,UBRL,9410000.0,32.45,-0.1016,17345000.0,9410000.0,0.0,5.077,10471000.0,10258000.0,ACCUMULATION,100.0
2025-11-05,UBRL,UBRL,-1867000.0,31.12,-0.0409,15478000.0,0.0,-1867000.0,-1.1728,8604000.0,10561000.0,BALANCED,-21.3198
2025-11-06,UBRL,UBRL,0.0,30.69,-0.0138,15478000.0,0.0,0.0,-0.1528,8604000.0,10561000.0,BALANCED,6.1798
2025-11-07,UBRL,UBRL,0.0,30.58,-0.0035,15478000.0,0.0,0.0,-0.1528,8265000.0,10561000.0,BALANCED,6.1798
2025-11-10,UBRL,UBRL,0.0,31.98,0.0455,15478000.0,0.0,0.0,-0.1528,7543000.0,10561000.0,BALANCED,6.1798
2025-11-11,UBRL,UBRL,0.0,31.64,-0.0106,15478000.0,0.0,0.0,-0.1528,-1867000.0,9911000.0,BALANCED,-13.8202
2025-11-12,UBRL,UBRL,0.0,31.61,-0.0009,15478000.0,0.0,0.0,-0.1528,0.0,8604000.0,BALANCED,-3.8202
2025-11-13,UBRL,UBRL,-3039000.0,30.39,-0.0385,12439000.0,0.0,-3039000.0,-1.6688,-3039000.0,5565000.0,DISTRIBUTION,-53.7209
2025-11-14,UBRL,UBRL,0.0,30.27,-0.0042,12439000.0,0.0,0.0,-0.0925,-3039000.0,5565000.0,BALANCED,-12.3134
2025-11-17,UBRL,UBRL,0.0,30.59,0.0106,12439000.0,0.0,0.0,-0.0925,-3039000.0,5565000.0,BALANCED,-12.3134
2025-11-18,UBRL,UBRL,0.0,29.75,-0.0273,12439000.0,0.0,0.0,-0.0925,-3039000.0,5565000.0,BALANCED,-12.3134
2025-11-19,UBRL,UBRL,0.0,28.88,-0.0295,12439000.0,0.0,0.0,-0.1336,-3039000.0,5565000.0,BALANCED,-13.3399
2025-11-20,UBRL,UBRL,0.0,24.9,-0.1377,12439000.0,0.0,0.0,-0.1336,0.0,5565000.0,BALANCED,-3.3399
2025-11-21,UBRL,UBRL,0.0,25.19,0.0115,12439000.0,0.0,0.0,-0.1336,0.0,5565000.0,BALANCED,-3.3399
2025-11-24,UBRL,UBRL,0.0,25.08,-0.0044,12439000.0,0.0,0.0,-0.1336,0.0,5565000.0,BALANCED,-3.3399
2025-11-25,UBRL,UBRL,0.0,25.07,-0.0002,12439000.0,0.0,0.0,-0.1221,0.0,5565000.0,BALANCED,-3.0529
2025-11-26,UBRL,UBRL,0.0,26.24,0.0466,12439000.0,0.0,0.0,-0.0995,0.0,5565000.0,BALANCED,-2.4865
2025-11-28,UBRL,UBRL,0.0,27.38,0.0433,12439000.0,0.0,0.0,-0.0995,0.0,5565000.0,BALANCED,-2.4865
2025-12-01,UBRL,UBRL,0.0,26.77,-0.0222,12439000.0,0.0,0.0,-0.0995,0.0,5226000.0,BALANCED,-2.4865
2025-12-02,UBRL,UBRL,0.0,27.38,0.0229,12439000.0,0.0,0.0,-0.0995,0.0,4504000.0,BALANCED,-2.4865
2025-12-03,UBRL,UBRL,0.0,29.32,0.0709,12439000.0,0.0,0.0,-0.0995,0.0,-4906000.0,BALANCED,-2.4865
2025-12-04,UBRL,UBRL,0.0,29.52,0.0067,12439000.0,0.0,0.0,-0.0995,0.0,-3039000.0,BALANCED,-2.4865
2025-12-05,UBRL,UBRL,0.0,29.71,0.0066,12439000.0,0.0,0.0,-0.0995,0.0,-3039000.0,BALANCED,-2.4865
2025-12-08,UBRL,UBRL,0.0,30.52,0.0273,12439000.0,0.0,0.0,-0.0995,0.0,-3039000.0,BALANCED,-2.4865
2025-12-09,UBRL,UBRL,0.0,28.21,-0.0757,12439000.0,0.0,0.0,-0.0995,0.0,-3039000.0,BALANCED,-2.4865
2025-12-10,UBRL,UBRL,0.0,25.1,-0.1104,12439000.0,0.0,0.0,-0.0995,0.0,-3039000.0,BALANCED,-2.4865
2025-12-11,UBRL,UBRL,1034000.0,25.86,0.0302,13473000.0,1034000.0,0.0,0.4351,1034000.0,-2005000.0,BALANCED,22.8767
2025-12-12,UBRL,UBRL,0.0,25.64,-0.0084,13473000.0,0.0,0.0,-0.1176,1034000.0,1034000.0,BALANCED,7.0609
2025-12-15,UBRL,UBRL,0.0,23.68,-0.0764,13473000.0,0.0,0.0,-0.1115,1034000.0,1034000.0,BALANCED,7.2123
2025-12-16,UBRL,UBRL,0.0,23.13,-0.0231,13473000.0,0.0,0.0,-0.0988,1034000.0,1034000.0,BALANCED,7.5309
2025-12-17,UBRL,UBRL,0.0,22.11,-0.0442,13473000.0,0.0,0.0,0.1907,1034000.0,1034000.0,BALANCED,14.7663
2025-12-18,UBRL,UBRL,0.0,22.41,0.0137,13473000.0,0.0,0.0,0.1129,0.0,1034000.0,BALANCED,2.8214
2025-12-19,UBRL,UBRL,1553000.0,22.18,-0.0102,15026000.0,1553000.0,0.0,2.3686,1553000.0,2587000.0,ACCUMULATION,71.2156
2025-12-22,UBRL,UBRL,0.0,23.27,0.049,15026000.0,0.0,0.0,0.0228,1553000.0,2587000.0,BALANCED,10.569
2025-12-23,UBRL,UBRL,0.0,23.1,-0.0071,15026000.0,0.0,0.0,0.0228,1553000.0,2587000.0,BALANCED,10.569
2025-12-24,UBRL,UBRL,0.0,23.2,0.004,15026000.0,0.0,0.0,0.0228,1553000.0,2587000.0,BALANCED,10.569
2025-12-26,UBRL,UBRL,0.0,23.24,0.002,15026000.0,0.0,0.0,0.0228,1553000.0,2587000.0,BALANCED,10.569
2025-12-29,UBRL,UBRL,4230000.0,21.15,0.0052,19256000.0,4230000.0,0.0,4.8412,4230000.0,6817000.0,ACCUMULATION,100.0
2025-12-30,UBRL,UBRL,0.0,21.47,0.015,19256000.0,0.0,0.0,-0.2748,4230000.0,6817000.0,BALANCED,3.1292
2025-12-31,UBRL,UBRL,0.0,21.24,-0.0106,19256000.0,0.0,0.0,-0.2748,4230000.0,6817000.0,BALANCED,3.1292
2026-01-02,UBRL,UBRL,0.0,21.83,0.0277,19256000.0,0.0,0.0,-0.2748,4230000.0,6817000.0,BALANCED,3.1292
2026-01-05,UBRL,UBRL,0.0,20.71,-0.0513,19256000.0,0.0,0.0,-0.2748,4230000.0,6817000.0,BALANCED,3.1292
2026-01-06,UBRL,UBRL,0.0,23.17,0.1188,19256000.0,0.0,0.0,-0.2748,0.0,6817000.0,BALANCED,-6.8708
2026-01-07,UBRL,UBRL,0.0,23.52,0.015,19256000.0,0.0,0.0,-0.2748,0.0,6817000.0,BALANCED,-6.8708
2026-01-08,UBRL,UBRL,-971000.0,24.27,0.0323,18285000.0,0.0,-971000.0,-1.3643,-971000.0,5846000.0,BALANCED,-46.1075
2026-01-09,UBRL,UBRL,-692000.0,23.07,-0.0497,17593000.0,0.0,-692000.0,-0.9938,-1663000.0,5154000.0,BALANCED,-38.8445
2026-01-12,UBRL,UBRL,0.0,22.65,-0.0181,17593000.0,0.0,0.0,-0.1977,-1663000.0,4120000.0,BALANCED,-14.9413
2026-01-13,UBRL,UBRL,0.0,23.04,0.0173,17593000.0,0.0,0.0,-0.1977,-1663000.0,4120000.0,BALANCED,-14.9413
2026-01-14,UBRL,UBRL,0.0,22.63,-0.018,17593000.0,0.0,0.0,-0.1977,-1663000.0,4120000.0,BALANCED,-14.9413
2026-01-15,UBRL,UBRL,0.0,22.48,-0.0066,17593000.0,0.0,0.0,-0.1977,-692000.0,4120000.0,BALANCED,-14.9413
2026-01-16,UBRL,UBRL,0.0,22.71,0.0102,17593000.0,0.0,0.0,-0.1977,0.0,4120000.0,BALANCED,-4.9413
2026-01-20,UBRL,UBRL,-884000.0,22.1,-0.0267,16709000.0,0.0,-884000.0,-1.1532,-884000.0,3236000.0,BALANCED,-40.8306
2026-01-21,UBRL,UBRL,0.0,22.38,0.0127,16709000.0,0.0,0.0,-0.1599,-884000.0,1683000.0,BALANCED,-13.9983
2026-01-22,UBRL,UBRL,-644000.0,21.47,-0.0405,16065000.0,0.0,-644000.0,-0.8487,-1528000.0,1039000.0,BALANCED,-33.2176
2026-01-23,UBRL,UBRL,0.0,21.33,-0.0067,16065000.0,0.0,0.0,-0.1341,-1528000.0,1039000.0,BALANCED,-13.3529
2026-01-26,UBRL,UBRL,0.0,21.16,-0.0081,16065000.0,0.0,0.0,-0.1341,-1528000.0,1039000.0,BALANCED,-13.3529
2026-01-27,UBRL,UBRL,0.0,20.77,-0.0183,16065000.0,0.0,0.0,-0.0977,-644000.0,1039000.0,BALANCED,-12.4415
2026-01-28,UBRL,UBRL,0.0,20.02,-0.0361,16065000.0,0.0,0.0,-0.0977,-644000.0,-3191000.0,BALANCED,-12.4415
2026-01-29,UBRL,UBRL,0.0,20.98,0.048,16065000.0,0.0,0.0,-0.0977,0.0,-3191000.0,BALANCED,-2.4415
2026-01-30,UBRL,UBRL,-201000.0,20.12,-0.041,15864000.0,0.0,-201000.0,-0.3168,-201000.0,-3392000.0,BALANCED,-19.9191
2026-02-02,UBRL,UBRL,0.0,20.52,0.0196,15864000.0,0.0,0.0,-0.0899,-201000.0,-3392000.0,BALANCED,-12.2485
2026-02-03,UBRL,UBRL,1142000.0,19.03,-0.0722,17006000.0,1142000.0,0.0,1.1294,941000.0,-2250000.0,BALANCED,40.2347
2026-02-04,UBRL,UBRL,683000.0,17.07,-0.1031,17689000.0,683000.0,0.0,0.6809,1624000.0,-1567000.0,BALANCED,31.0233
2026-02-05,UBRL,UBRL,-2826000.0,17.66,0.0347,14863000.0,0.0,-2826000.0,-2.7591,-1202000.0,-4393000.0,DISTRIBUTION,-80.9767
2026-02-06,UBRL,UBRL,523000.0,17.45,-0.0124,15386000.0,523000.0,0.0,0.4976,-478000.0,-2899000.0,BALANCED,4.4411
2026-02-09,UBRL,UBRL,0.0,17.04,-0.0231,15386000.0,0.0,0.0,-0.0117,-478000.0,-2207000.0,BALANCED,-10.2922
2026-02-10,UBRL,UBRL,-506000.0,16.85,-0.0113,14880000.0,0.0,-506000.0,-0.486,-2126000.0,-2713000.0,BALANCED,-24.1494
2026-02-11,UBRL,UBRL,0.0,15.7,-0.068,14880000.0,0.0,0.0,0.2239,-2809000.0,-2713000.0,BALANCED,-4.4021
2026-02-12,UBRL,UBRL,0.0,15.79,0.0057,14880000.0,0.0,0.0,0.2239,17000.0,-2713000.0,BALANCED,15.5979
2026-02-13,UBRL,UBRL,762000.0,15.23,-0.0355,15642000.0,762000.0,0.0,1.3135,256000.0,-1951000.0,BALANCED,44.8372
2026-02-17,UBRL,UBRL,0.0,15.47,0.0154,15642000.0,0.0,0.0,0.1793,256000.0,-1951000.0,BALANCED,14.4827
2026-02-18,UBRL,UBRL,0.0,16.45,0.0632,15642000.0,0.0,0.0,0.1793,762000.0,-1067000.0,BALANCED,14.4827
2026-02-19,UBRL,UBRL,0.0,16.52,0.0045,15642000.0,0.0,0.0,0.1793,762000.0,-1067000.0,BALANCED,14.4827
2026-02-20,UBRL,UBRL,0.0,16.92,0.0244,15642000.0,0.0,0.0,0.1793,762000.0,-423000.0,BALANCED,14.4827
2026-02-23,UBRL,UBRL,0.0,15.48,-0.0851,15642000.0,0.0,0.0,0.135,0.0,-423000.0,BALANCED,3.3751
2026-02-24,UBRL,UBRL,-631000.0,15.77,0.0184,15011000.0,0.0,-631000.0,-0.8374,-631000.0,-1054000.0,BALANCED,-32.9358
2026-02-25,UBRL,UBRL,0.0,16.41,0.0404,15011000.0,0.0,0.0,0.1323,-631000.0,-1054000.0,BALANCED,-6.6934
2026-02-26,UBRL,UBRL,-173000.0,17.29,0.0539,14838000.0,0.0,-173000.0,-0.1247,-804000.0,-1227000.0,BALANCED,-15.1184
2026-02-27,UBRL,UBRL,351000.0,17.56,0.0159,15189000.0,351000.0,0.0,0.6577,-453000.0,-876000.0,BALANCED,8.4418
2026-03-02,UBRL,UBRL,0.0,17.81,0.0139,15189000.0,0.0,0.0,0.1222,-453000.0,-675000.0,BALANCED,-6.944
2026-03-03,UBRL,UBRL,0.0,18.0,0.0106,15189000.0,0.0,0.0,0.1222,178000.0,-675000.0,BALANCED,13.056
2026-03-04,UBRL,UBRL,0.0,18.13,0.0074,15189000.0,0.0,0.0,0.0794,178000.0,-1817000.0,BALANCED,11.986
2026-03-05,UBRL,UBRL,-2809000.0,17.55,-0.0319,12380000.0,0.0,-2809000.0,-3.2801,-2458000.0,-5309000.0,DISTRIBUTION,-94.0018
2026-03-06,UBRL,UBRL,1218000.0,17.4,-0.0089,13598000.0,1218000.0,0.0,1.5416,-1591000.0,-1265000.0,ACCUMULATION,30.5399
2026-03-09,UBRL,UBRL,0.0,16.8,-0.0344,13598000.0,0.0,0.0,0.0975,-1591000.0,-1788000.0,BALANCED,-7.5625
2026-03-10,UBRL,UBRL,0.0,16.12,-0.0403,13598000.0,0.0,0.0,0.0975,-1591000.0,-1788000.0,BALANCED,-7.5625
2026-03-11,UBRL,UBRL,0.0,17.28,0.0718,13598000.0,0.0,0.0,0.0975,-1591000.0,-1282000.0,BALANCED,-7.5625
2026-03-12,UBRL,UBRL,-654000.0,16.35,-0.0535,12944000.0,0.0,-654000.0,-0.6473,564000.0,-1936000.0,BALANCED,-8.1819
2026-03-13,UBRL,UBRL,-165000.0,16.5,0.0091,12779000.0,0.0,-165000.0,-0.0653,-819000.0,-2101000.0,BALANCED,-15.6323
2026-03-16,UBRL,UBRL,0.0,17.1,0.0362,12779000.0,0.0,0.0,0.121,-819000.0,-2863000.0,BALANCED,-6.9739
2026-03-17,UBRL,UBRL,0.0,18.53,0.0838,12779000.0,0.0,0.0,0.121,-819000.0,-2863000.0,BALANCED,-6.9739
2026-03-18,UBRL,UBRL,0.0,17.99,-0.0293,12779000.0,0.0,0.0,0.1725,-819000.0,-2863000.0,BALANCED,-5.6874
2026-03-19,UBRL,UBRL,0.0,17.37,-0.0346,12779000.0,0.0,0.0,0.204,-165000.0,-2863000.0,BALANCED,-4.9009
2026-03-20,UBRL,UBRL,0.0,16.69,-0.0392,12779000.0,0.0,0.0,0.1111,0.0,-2863000.0,BALANCED,2.7765
2026-03-23,UBRL,UBRL,0.0,17.24,0.0332,12779000.0,0.0,0.0,0.1412,0.0,-2863000.0,BALANCED,3.529
2026-03-24,UBRL,UBRL,0.0,15.96,-0.0742,12779000.0,0.0,0.0,0.1412,0.0,-2232000.0,BALANCED,3.529
2026-03-25,UBRL,UBRL,-163000.0,16.28,0.0202,12616000.0,0.0,-163000.0,-0.1433,-163000.0,-2395000.0,BALANCED,-15.5832
2026-03-26,UBRL,UBRL,0.0,15.15,-0.0695,12616000.0,0.0,0.0,0.1236,-163000.0,-2222000.0,BALANCED,-6.9108
2026-03-27,UBRL,UBRL,0.0,14.55,-0.0396,12616000.0,0.0,0.0,0.1236,-163000.0,-2573000.0,BALANCED,-6.9108
2026-03-30,UBRL,UBRL,0.0,14.86,0.021,12616000.0,0.0,0.0,0.1709,-163000.0,-2573000.0,BALANCED,-5.7274
2026-03-31,UBRL,UBRL,0.0,15.71,0.0575,12616000.0,0.0,0.0,0.1709,-163000.0,-2573000.0,BALANCED,-5.7274
2026-04-01,UBRL,UBRL,0.0,15.61,-0.0063,12616000.0,0.0,0.0,0.1709,0.0,-2573000.0,BALANCED,4.2726
2026-04-02,UBRL,UBRL,0.0,15.66,0.0026,12616000.0,0.0,0.0,0.1709,0.0,236000.0,BALANCED,4.2726
2026-04-06,UBRL,UBRL,0.0,15.8,0.0092,12616000.0,0.0,0.0,0.1709,0.0,-982000.0,BALANCED,4.2726
2026-04-07,UBRL,UBRL,0.0,15.6,-0.0124,12616000.0,0.0,0.0,0.1709,0.0,-982000.0,BALANCED,4.2726
2026-04-08,UBRL,UBRL,0.0,15.88,0.0179,12616000.0,0.0,0.0,0.1372,0.0,-982000.0,BALANCED,3.4302
2026-04-09,UBRL,UBRL,-469000.0,15.63,-0.016,12147000.0,0.0,-469000.0,-0.6375,-469000.0,-1451000.0,BALANCED,-27.9384
2026-04-10,UBRL,UBRL,0.0,15.04,-0.0377,12147000.0,0.0,0.0,0.1531,-469000.0,-797000.0,BALANCED,-6.173
2026-04-13,UBRL,UBRL,0.0,15.83,0.0527,12147000.0,0.0,0.0,0.1747,-469000.0,-632000.0,BALANCED,-5.6319
2026-04-14,UBRL,UBRL,0.0,16.08,0.0155,12147000.0,0.0,0.0,0.1747,-469000.0,-632000.0,BALANCED,-5.6319
2026-04-15,UBRL,UBRL,0.0,18.0,0.1194,12147000.0,0.0,0.0,0.1747,-469000.0,-632000.0,BALANCED,-5.6319
2026-04-16,UBRL,UBRL,0.0,17.62,-0.0209,12147000.0,0.0,0.0,0.1747,0.0,-632000.0,BALANCED,4.3681
2026-04-17,UBRL,UBRL,0.0,17.9,0.0159,12147000.0,0.0,0.0,0.0283,0.0,-632000.0,BALANCED,0.7077
2026-04-20,UBRL,UBRL,0.0,18.07,0.0095,12147000.0,0.0,0.0,0.3278,0.0,-632000.0,BALANCED,8.1954
2026-04-21,UBRL,UBRL,719000.0,17.96,-0.0061,12866000.0,719000.0,0.0,3.6537,719000.0,87000.0,ACCUMULATION,100.0
2026-04-22,UBRL,UBRL,0.0,17.18,-0.0437,12866000.0,0.0,0.0,0.1199,719000.0,87000.0,BALANCED,12.998
2026-04-23,UBRL,UBRL,0.0,16.77,-0.0235,12866000.0,0.0,0.0,0.1199,719000.0,250000.0,BALANCED,12.998
2026-04-24,UBRL,UBRL,0.0,16.74,-0.0023,12866000.0,0.0,0.0,0.0157,719000.0,250000.0,BALANCED,10.3937
2026-04-27,UBRL,UBRL,349000.0,17.47,0.0436,13215000.0,349000.0,0.0,1.9212,1068000.0,599000.0,ACCUMULATION,60.0295
2026-04-28,UBRL,UBRL,0.0,16.47,-0.0568,13215000.0,0.0,0.0,-0.0835,349000.0,599000.0,BALANCED,7.913
2026-04-29,UBRL,UBRL,0.0,16.63,0.0095,13215000.0,0.0,0.0,-0.0835,349000.0,599000.0,BALANCED,7.913
2026-04-30,UBRL,UBRL,0.0,16.69,0.0036,13215000.0,0.0,0.0,-0.0835,349000.0,599000.0,BALANCED,7.913
2026-05-01,UBRL,UBRL,1691000.0,16.91,0.0132,14906000.0,1691000.0,0.0,4.6021,2040000.0,2290000.0,ACCUMULATION,100.0
2026-05-06,UBRL,UBRL,1305000.0,18.64,0.1023,16211000.0,1305000.0,0.0,2.8517,2996000.0,3595000.0,ACCUMULATION,85.2913
2026-05-07,UBRL,UBRL,0.0,17.48,-0.0622,16211000.0,0.0,0.0,-0.274,2996000.0,3595000.0,BALANCED,3.1499
2026-05-08,UBRL,UBRL,0.0,16.89,-0.0338,16211000.0,0.0,0.0,-0.274,2996000.0,3595000.0,BALANCED,3.1499
2026-05-11,UBRL,UBRL,0.0,17.2,0.0184,16211000.0,0.0,0.0,-0.2889,2996000.0,4064000.0,BALANCED,2.7782
2026-05-12,UBRL,UBRL,0.0,17.29,0.0052,16211000.0,0.0,0.0,-0.2889,1305000.0,4064000.0,BALANCED,2.7782
2026-05-13,UBRL,UBRL,0.0,16.54,-0.0434,16211000.0,0.0,0.0,-0.2889,0.0,4064000.0,BALANCED,-7.2218
2026-05-14,UBRL,UBRL,-165000.0,16.53,-0.0006,16046000.0,0.0,-165000.0,-0.669,-165000.0,3899000.0,BALANCED,-28.7242
2026-05-15,UBRL,UBRL,334000.0,16.69,0.0097,16380000.0,334000.0,0.0,0.4979,169000.0,4233000.0,BALANCED,24.4466
2026-05-18,UBRL,UBRL,0.0,16.69,0.0,16380000.0,0.0,0.0,-0.2995,169000.0,4233000.0,BALANCED,2.5113
2026-05-19,UBRL,UBRL,0.0,16.25,-0.0264,16380000.0,0.0,0.0,-0.2995,169000.0,4233000.0,BALANCED,2.5113
2026-05-20,UBRL,UBRL,0.0,16.47,0.0135,16380000.0,0.0,0.0,-0.2995,169000.0,4233000.0,BALANCED,2.5113
2026-05-21,UBRL,UBRL,0.0,16.03,-0.0267,16380000.0,0.0,0.0,-0.2995,334000.0,3514000.0,BALANCED,2.5113
2026-05-22,UBRL,UBRL,0.0,15.23,-0.0499,16380000.0,0.0,0.0,-0.2995,0.0,3514000.0,BALANCED,-7.4887
2026-05-25,UBRL,UBRL,0.0,15.23,0.0,16380000.0,0.0,0.0,-0.3489,0.0,3514000.0,BALANCED,-8.7227
2026-05-26,UBRL,UBRL,1161000.0,14.51,-0.0473,17541000.0,1161000.0,0.0,2.2097,1161000.0,4675000.0,ACCUMULATION,67.242
2026-05-27,UBRL,UBRL,3838000.0,14.76,0.0172,21379000.0,3838000.0,0.0,4.4108,4999000.0,8164000.0,ACCUMULATION,100.0
2026-05-28,UBRL,UBRL,297000.0,14.83,0.0047,21676000.0,297000.0,0.0,-0.0258,5296000.0,8461000.0,BALANCED,15.3538
2026-05-29,UBRL,UBRL,0.0,14.61,-0.0148,21676000.0,0.0,0.0,-0.3979,5296000.0,8461000.0,BALANCED,0.0524
2026-06-01,UBRL,UBRL,0.0,16.0,0.0951,21676000.0,0.0,0.0,-0.3979,5296000.0,8461000.0,BALANCED,0.0524
2026-06-02,UBRL,UBRL,0.0,15.07,-0.0581,21676000.0,0.0,0.0,-0.3979,4135000.0,6770000.0,BALANCED,0.0524
2026-06-03,UBRL,UBRL,0.0,15.09,0.0013,21676000.0,0.0,0.0,-0.3979,297000.0,5465000.0,BALANCED,0.0524
2026-06-04,UBRL,UBRL,-2450000.0,15.31,0.0146,19226000.0,0.0,-2450000.0,-2.8309,-2450000.0,3015000.0,DISTRIBUTION,-82.7713
2026-06-05,UBRL,UBRL,0.0,14.66,-0.0425,19226000.0,0.0,0.0,-0.2254,-2450000.0,3015000.0,BALANCED,-15.6362
2026-06-08,UBRL,UBRL,0.0,14.39,-0.0184,19226000.0,0.0,0.0,-0.2254,-2450000.0,3015000.0,BALANCED,-15.6362
2026-06-09,UBRL,UBRL,0.0,14.52,0.009,19226000.0,0.0,0.0,-0.2254,-2450000.0,3015000.0,BALANCED,-15.6362
2026-06-10,UBRL,UBRL,0.0,13.79,-0.0503,19226000.0,0.0,0.0,-0.213,-2450000.0,3015000.0,BALANCED,-15.3246
2026-06-11,UBRL,UBRL,708000.0,14.16,0.0268,19934000.0,708000.0,0.0,0.5125,708000.0,3888000.0,BALANCED,24.8128
2026-06-12,UBRL,UBRL,2358000.0,13.87,-0.0205,22292000.0,2358000.0,0.0,2.0147,3066000.0,5912000.0,ACCUMULATION,64.3669
2026-06-15,UBRL,UBRL,-3713000.0,15.47,0.1154,18579000.0,0.0,-3713000.0,-3.0982,-647000.0,2199000.0,DISTRIBUTION,-89.4554
2026-06-16,UBRL,UBRL,0.0,15.64,0.011,18579000.0,0.0,0.0,-0.1001,-647000.0,2199000.0,BALANCED,-12.5018
2026-06-17,UBRL,UBRL,0.0,14.64,-0.0639,18579000.0,0.0,0.0,-0.0656,-647000.0,2199000.0,BALANCED,-11.6404
2026-06-18,UBRL,UBRL,0.0,14.92,0.0191,18579000.0,0.0,0.0,-0.0656,-1355000.0,2199000.0,BALANCED,-11.6404
2026-06-19,UBRL,UBRL,0.0,14.92,0.0,18579000.0,0.0,0.0,-0.0656,-3713000.0,2199000.0,BALANCED,-11.6404
2026-06-22,UBRL,UBRL,0.0,14.83,-0.006,18579000.0,0.0,0.0,-0.0656,0.0,2199000.0,BALANCED,-1.6404
2026-06-23,UBRL,UBRL,0.0,14.1,-0.0492,18579000.0,0.0,0.0,-0.0656,0.0,1038000.0,BALANCED,-1.6404
2026-06-24,UBRL,UBRL,0.0,15.79,0.1199,18579000.0,0.0,0.0,-0.0656,0.0,-2800000.0,BALANCED,-1.6404
2026-06-25,UBRL,UBRL,-755000.0,15.1,-0.0437,17824000.0,0.0,-755000.0,-0.6719,-755000.0,-3852000.0,BALANCED,-28.7972
2026-06-26,UBRL,UBRL,0.0,16.74,0.1086,17824000.0,0.0,0.0,-0.0398,-755000.0,-3852000.0,BALANCED,-10.9938
2026-06-29,UBRL,UBRL,0.0,16.43,-0.0185,17824000.0,0.0,0.0,-0.0398,-755000.0,-3852000.0,BALANCED,-10.9938
2026-06-30,UBRL,UBRL,449000.0,14.97,-0.0889,18273000.0,449000.0,0.0,0.3181,-306000.0,-3403000.0,BALANCED,-0.0465
2026-07-01,UBRL,UBRL,0.0,15.18,0.014,18273000.0,0.0,0.0,-0.052,-306000.0,-3403000.0,BALANCED,-11.3005
2026-07-02,UBRL,UBRL,477000.0,15.9,0.0474,18750000.0,477000.0,0.0,0.3275,926000.0,-476000.0,BALANCED,20.1876
2026-07-03,UBRL,UBRL,0.0,15.9,0.0,18750000.0,0.0,0.0,-0.065,926000.0,-476000.0,BALANCED,8.3748
2026-07-06,UBRL,UBRL,0.0,15.04,-0.0541,18750000.0,0.0,0.0,-0.065,926000.0,-476000.0,BALANCED,8.3748
2026-07-07,UBRL,UBRL,0.0,15.83,0.0525,18750000.0,0.0,0.0,-0.0336,477000.0,-476000.0,BALANCED,9.159
2026-07-08,UBRL,UBRL,-621000.0,15.52,-0.0196,18129000.0,0.0,-621000.0,-0.5316,-144000.0,-1097000.0,BALANCED,-25.29
2026-07-10,UBRL,UBRL,-318000.0,15.9,0.0245,17811000.0,0.0,-318000.0,-0.1966,-939000.0,-2123000.0,BALANCED,-18.9159
2026-07-13,UBRL,UBRL,0.0,15.78,-0.0075,17811000.0,0.0,0.0,0.1339,-939000.0,-4481000.0,BALANCED,-6.652
2026-07-14,UBRL,UBRL,0.0,14.85,-0.0589,17811000.0,0.0,0.0,0.1339,-939000.0,-768000.0,BALANCED,-6.652
2026-07-15,UBRL,UBRL,0.0,15.09,0.0162,17811000.0,0.0,0.0,0.1339,-939000.0,-768000.0,BALANCED,-6.652
2026-07-16,UBRL,UBRL,-626000.0,15.65,0.0371,17185000.0,0.0,-626000.0,-0.4931,-944000.0,-1394000.0,BALANCED,-24.3279
2026-07-17,UBRL,UBRL,0.0,14.97,-0.0434,17185000.0,0.0,0.0,0.0789,-626000.0,-1394000.0,BALANCED,-8.0286
2026-07-20,UBRL,UBRL,0.0,14.85,-0.008,17185000.0,0.0,0.0,0.0789,-626000.0,-1394000.0,BALANCED,-8.0286
2026-07-21,UBRL,UBRL,0.0,14.6,-0.0168,17185000.0,0.0,0.0,0.0789,-626000.0,-1394000.0,BALANCED,-8.0286
2026-07-22,UBRL,UBRL,0.0,14.09,-0.0349,17185000.0,0.0,0.0,0.0789,-626000.0,-1394000.0,BALANCED,-8.0286
2026-07-23,UBRL,UBRL,0.0,13.52,-0.0405,17185000.0,0.0,0.0,0.0789,0.0,-1394000.0,BALANCED,1.9714
2026-07-24,UBRL,UBRL,0.0,12.34,-0.0873,17185000.0,0.0,0.0,0.1078,0.0,-639000.0,BALANCED,2.6938
2026-07-27,UBRL,UBRL,1186000.0,13.18,0.0681,18371000.0,1186000.0,0.0,1.7425,1186000.0,547000.0,ACCUMULATION,55.563
2026-07-28,UBRL,UBRL,0.0,14.17,0.0751,18371000.0,0.0,0.0,0.0206,1186000.0,547000.0,BALANCED,10.5152
2026-07-29,UBRL,UBRL,0.0,14.35,0.0127,18371000.0,0.0,0.0,0.0206,1186000.0,98000.0,BALANCED,10.5152
2026-07-30,UBRL,UBRL,-420000.0,14.01,-0.0237,17951000.0,0.0,-420000.0,-1.1574,766000.0,-322000.0,BALANCED,-20.935
2026-07-31,UBRL,UBRL,0.0,14.0,-0.0007,17951000.0,0.0,0.0,0.0607,766000.0,-799000.0,BALANCED,11.5178
2026-08-03,UBRL,UBRL,0.0,14.49,0.035,17951000.0,0.0,0.0,0.0607,-420000.0,-799000.0,BALANCED,-8.4822
2026-08-04,UBRL,UBRL,439000.0,14.64,0.0104,18390000.0,439000.0,0.0,1.2548,19000.0,-360000.0,BALANCED,43.3695
2026-08-05,UBRL,UBRL,262000.0,13.09,-0.1059,18652000.0,262000.0,0.0,0.7245,281000.0,-98000.0,BALANCED,32.1134
2026-08-06,UBRL,UBRL,1816000.0,13.97,0.0672,20468000.0,1816000.0,0.0,3.5936,2517000.0,2339000.0,ACCUMULATION,100.0
2026-08-07,UBRL,UBRL,0.0,15.75,0.1274,20468000.0,0.0,0.0,-0.1903,2517000.0,2657000.0,BALANCED,5.2413
2026-08-10,UBRL,UBRL,0.0,17.01,0.08,20468000.0,0.0,0.0,-0.1903,2517000.0,2657000.0,BALANCED,5.2413
2026-08-11,UBRL,UBRL,-1378000.0,17.23,0.0129,19090000.0,0.0,-1378000.0,-2.6554,700000.0,1279000.0,DISTRIBUTION,-58.3848
2026-08-12,UBRL,UBRL,0.0,15.84,-0.0807,19090000.0,0.0,0.0,-0.0515,438000.0,1279000.0,BALANCED,8.7137
2026-08-13,UBRL,UBRL,-321000.0,16.05,0.0133,18769000.0,0.0,-321000.0,-0.6331,-1699000.0,1584000.0,BALANCED,-27.8284
2026-08-14,UBRL,UBRL,0.0,16.07,0.0012,18769000.0,0.0,0.0,-0.0012,-1699000.0,1584000.0,BALANCED,-10.0301
2026-08-17,UBRL,UBRL,0.0,15.66,-0.0255,18769000.0,0.0,0.0,-0.0012,-1699000.0,1584000.0,BALANCED,-10.0301
2026-08-18,UBRL,UBRL,0.0,15.52,-0.0089,18769000.0,0.0,0.0,-0.0012,-321000.0,1584000.0,BALANCED,-10.0301
2026-08-19,UBRL,UBRL,0.0,16.92,0.0902,18769000.0,0.0,0.0,-0.0012,-321000.0,1584000.0,BALANCED,-10.0301
2026-08-20,UBRL,UBRL,0.0,17.14,0.013,18769000.0,0.0,0.0,-0.0416,0.0,1584000.0,BALANCED,-1.0402
2026-08-24,UBRL,UBRL,-349000.0,17.45,0.0181,18420000.0,0.0,-349000.0,-0.7192,-349000.0,1235000.0,BALANCED,-29.9811
2026-08-25,UBRL,UBRL,0.0,17.91,0.0264,18420000.0,0.0,0.0,-0.0395,-349000.0,49000.0,BALANCED,-10.9884
2026-08-26,UBRL,UBRL,0.0,17.08,-0.0463,18420000.0,0.0,0.0,-0.0395,-349000.0,49000.0,BALANCED,-10.9884
2026-08-27,UBRL,UBRL,-656000.0,16.41,-0.0392,17764000.0,0.0,-656000.0,-1.2392,-1005000.0,-607000.0,BALANCED,-42.98
2026-08-28,UBRL,UBRL,0.0,17.19,0.0475,17764000.0,0.0,0.0,-0.0375,-1005000.0,-187000.0,BALANCED,-10.9373
2026-08-31,UBRL,UBRL,0.0,15.81,-0.0803,17764000.0,0.0,0.0,-0.0375,-656000.0,-187000.0,BALANCED,-10.9373
2026-09-01,UBRL,UBRL,0.0,15.63,-0.0114,17764000.0,0.0,0.0,-0.0375,-656000.0,-187000.0,BALANCED,-10.9373
2026-09-02,UBRL,UBRL,0.0,16.13,0.032,17764000.0,0.0,0.0,-0.0375,-656000.0,-626000.0,BALANCED,-10.9373
2026-09-03,UBRL,UBRL,-159000.0,15.92,-0.013,17605000.0,0.0,-159000.0,-0.3354,-159000.0,-1047000.0,BALANCED,-20.3849
2026-09-04,UBRL,UBRL,0.0,15.82,-0.0063,17605000.0,0.0,0.0,-0.0271,-159000.0,-2863000.0,BALANCED,-10.6785
2026-09-07,UBRL,UBRL,0.0,15.82,0.0,17605000.0,0.0,0.0,-0.0271,-159000.0,-2863000.0,BALANCED,-10.6785
2026-09-08,UBRL,UBRL,0.0,14.72,-0.0695,17605000.0,0.0,0.0,0.0548,-159000.0,-2863000.0,BALANCED,-8.63
2026-09-09,UBRL,UBRL,0.0,13.89,-0.0564,17605000.0,0.0,0.0,0.0548,-159000.0,-1485000.0,BALANCED,-8.63
2026-09-10,UBRL,UBRL,579000.0,14.47,0.0418,18184000.0,579000.0,0.0,1.2222,579000.0,-906000.0,BALANCED,42.5554
2026-09-11,UBRL,UBRL,705000.0,14.1,-0.0256,18889000.0,705000.0,0.0,1.3771,1284000.0,120000.0,BALANCED,48.4271
2026-09-14,UBRL,UBRL,0.0,14.48,0.027,18889000.0,0.0,0.0,-0.0639,1284000.0,120000.0,BALANCED,8.4023
2026-09-15,UBRL,UBRL,0.0,14.0,-0.0331,18889000.0,0.0,0.0,-0.0639,1284000.0,120000.0,BALANCED,8.4023
2026-09-16,UBRL,UBRL,138000.0,13.82,-0.0129,19027000.0,138000.0,0.0,0.2414,1422000.0,258000.0,BALANCED,18.0357
2026-09-17,UBRL,UBRL,0.0,13.77,-0.0036,19027000.0,0.0,0.0,-0.026,843000.0,258000.0,BALANCED,9.351
2026-09-18,UBRL,UBRL,545000.0,13.62,-0.0109,19572000.0,545000.0,0.0,1.6092,683000.0,803000.0,ACCUMULATION,52.2301
2026-09-21,UBRL,UBRL,1925000.0,13.75,0.0095,21497000.0,1925000.0,0.0,3.7434,2608000.0,3077000.0,ACCUMULATION,100.0
2026-09-22,UBRL,UBRL,401000.0,13.38,-0.0269,21898000.0,401000.0,0.0,0.6936,3009000.0,3478000.0,BALANCED,33.3398
